fact_table_natural_key,accm_txn_complete_time
3335,5/12/2022 9:46
4291,5/12/2022 10:20
5682,5/12/2022 8:33
6606,5/12/2022 9:15
7369,5/12/2022 8:15
9419,5/12/2022 9:29
9460,5/12/2022 8:50
9531,5/12/2022 9:01
9534,5/12/2022 9:47
9596,5/12/2022 10:57
10385,5/12/2022 10:24
10695,5/12/2022 10:43
11012,5/12/2022 9:14
11411,5/12/2022 10:55
13068,5/12/2022 10:04
14386,5/12/2022 11:36
15108,5/12/2022 9:49
17951,5/12/2022 10:59
19611,5/12/2022 11:34
19619,5/12/2022 8:44
19623,5/12/2022 11:10
20868,5/12/2022 9:26
20927,5/12/2022 9:10
20928,5/12/2022 10:05
23192,5/12/2022 10:26
23356,5/12/2022 9:10
23430,5/12/2022 9:51
23919,5/12/2022 11:53
24212,5/12/2022 10:49
25002,5/12/2022 10:58
26116,5/12/2022 9:41
30712,5/12/2022 11:40
37234,5/12/2022 10:29
38545,5/12/2022 8:55
41401,5/12/2022 8:05
43373,5/12/2022 11:51
46022,5/12/2022 9:30
47196,5/12/2022 8:40
47491,5/12/2022 9:48
48319,5/12/2022 8:55
48848,5/12/2022 11:37
50233,5/12/2022 9:17
51826,5/12/2022 8:51
52525,5/12/2022 11:25
53803,5/12/2022 10:34
53867,5/12/2022 9:05
58503,5/12/2022 10:38
59708,5/12/2022 8:47
59827,5/12/2022 9:44
59838,5/12/2022 11:51
63308,5/12/2022 8:45
63733,5/12/2022 8:41
66540,5/12/2022 9:59
66611,5/12/2022 10:51
67270,5/12/2022 10:52
68508,5/12/2022 8:13
72743,5/12/2022 10:53
74328,5/12/2022 11:51
80188,5/12/2022 8:02
82763,5/12/2022 8:34
84030,5/12/2022 9:53
86185,5/12/2022 11:19
92835,5/12/2022 10:01
103466,5/12/2022 11:30
103908,5/12/2022 10:31
103920,5/12/2022 11:38
107046,5/12/2022 9:14
107962,5/12/2022 10:15
108468,5/12/2022 9:21
108765,5/12/2022 9:42
113951,5/12/2022 10:47
116221,5/12/2022 11:17
117165,5/12/2022 11:15
117862,5/12/2022 8:46
119103,5/12/2022 8:12
132120,5/12/2022 8:04
132160,5/12/2022 10:46
134091,5/12/2022 10:10
136480,5/12/2022 11:43
139463,5/12/2022 10:19
140331,5/12/2022 9:50
143580,5/12/2022 8:10
143704,5/12/2022 9:45
146301,5/12/2022 10:38
149489,5/12/2022 9:11
153967,5/12/2022 8:32
157939,5/12/2022 11:16
158345,5/12/2022 11:35
158953,5/12/2022 11:55
160222,5/12/2022 8:25
170273,5/12/2022 8:38
170469,5/12/2022 11:27
173896,5/12/2022 8:57
174636,5/12/2022 8:14
175576,5/12/2022 9:06
176678,5/12/2022 8:48
178844,5/12/2022 10:21
180939,5/12/2022 9:02
182716,5/12/2022 8:00
186328,5/12/2022 11:26
189156,5/12/2022 8:16
190984,5/12/2022 8:34
193371,5/12/2022 8:40
193836,5/12/2022 10:02
194313,5/12/2022 9:39
202174,5/12/2022 9:07
202251,5/12/2022 11:33
202260,5/12/2022 11:09
206781,5/12/2022 10:20
208356,5/12/2022 11:24
208670,5/12/2022 8:57
210316,5/12/2022 9:46
215882,5/12/2022 10:19
215954,5/12/2022 11:26
217142,5/12/2022 11:13
218741,5/12/2022 10:24
219532,5/12/2022 10:30
224763,5/12/2022 10:05
226495,5/12/2022 11:00
226536,5/12/2022 10:14
226677,5/12/2022 9:12
227636,5/12/2022 11:47
231097,5/12/2022 10:47
233502,5/12/2022 8:56
234898,5/12/2022 10:18
240920,5/12/2022 9:23
241016,5/12/2022 9:23
241032,5/12/2022 10:15
244499,5/12/2022 11:01
251922,5/12/2022 9:14
254340,5/12/2022 8:51
257140,5/12/2022 11:24
258571,5/12/2022 9:52
260613,5/12/2022 8:50
261912,5/12/2022 11:39
262764,5/12/2022 8:07
264829,5/12/2022 10:31
265901,5/12/2022 11:02
270370,5/12/2022 8:24
271509,5/12/2022 11:18
277416,5/12/2022 11:45
278192,5/12/2022 9:56
278830,5/12/2022 10:07
279063,5/12/2022 9:49
281208,5/12/2022 11:04
281789,5/12/2022 8:09
282934,5/12/2022 9:09
284087,5/12/2022 11:20
284480,5/12/2022 10:32
284813,5/12/2022 8:15
286080,5/12/2022 8:44
286712,5/12/2022 9:07
293890,5/12/2022 11:16
299817,5/12/2022 9:55
301059,5/12/2022 11:36
314180,5/12/2022 11:46
315120,5/12/2022 10:56
317248,5/12/2022 8:33
319768,5/12/2022 10:50
320704,5/12/2022 9:04
338043,5/12/2022 10:06
338091,5/12/2022 9:26
340706,5/12/2022 10:10
341454,5/12/2022 10:58
353039,5/12/2022 11:41
353110,5/12/2022 10:37
353347,5/12/2022 9:10
354453,5/12/2022 10:57
356566,5/12/2022 8:54
356608,5/12/2022 10:40
363064,5/12/2022 10:24
365550,5/12/2022 10:41
366301,5/12/2022 8:09
368403,5/12/2022 9:01
370361,5/12/2022 8:06
380950,5/12/2022 8:46
384797,5/12/2022 9:50
385438,5/12/2022 9:16
387078,5/12/2022 9:11
387079,5/12/2022 8:55
387464,5/12/2022 8:40
392140,5/12/2022 8:49
392779,5/12/2022 10:25
394408,5/12/2022 11:17
397117,5/12/2022 8:51
408526,5/12/2022 11:39
413733,5/12/2022 8:24
421168,5/12/2022 10:54
426089,5/12/2022 11:13
429453,5/12/2022 11:12
430453,5/12/2022 8:00
430609,5/12/2022 8:43
430610,5/12/2022 9:52
442487,5/12/2022 10:59
443580,5/12/2022 11:11
443736,5/12/2022 9:15
443942,5/12/2022 10:56
444221,5/12/2022 8:26
445199,5/12/2022 9:25
446276,5/12/2022 11:27
447488,5/12/2022 8:19
447523,5/12/2022 9:05
449602,5/12/2022 11:36
451012,5/12/2022 11:37
456040,5/12/2022 11:53
458183,5/12/2022 9:00
458186,5/12/2022 11:55
458189,5/12/2022 11:18
458191,5/12/2022 8:46
458193,5/12/2022 10:03
458197,5/12/2022 11:55
461234,5/12/2022 10:25
461567,5/12/2022 9:10
463768,5/12/2022 9:42
475361,5/12/2022 11:15
479653,5/12/2022 8:27
481220,5/12/2022 11:21
486344,5/12/2022 8:26
486829,5/12/2022 9:45
488268,5/12/2022 9:42
490076,5/12/2022 10:54
491958,5/12/2022 8:52
492287,5/12/2022 10:34
493591,5/12/2022 9:28
496074,5/12/2022 10:18
506542,5/12/2022 11:21
522287,5/12/2022 10:35
523883,5/12/2022 8:47
529090,5/12/2022 10:52
533443,5/12/2022 8:34
535300,5/12/2022 10:40
544433,5/12/2022 10:34
555182,5/12/2022 9:55
555858,5/12/2022 11:30
557126,5/12/2022 10:38
565703,5/12/2022 11:34
566435,5/12/2022 8:32
571640,5/12/2022 10:41
571651,5/12/2022 8:24
573942,5/12/2022 11:38
580182,5/12/2022 11:15
580815,5/12/2022 10:32
585418,5/12/2022 9:38
587584,5/12/2022 8:57
598023,5/12/2022 11:37
604600,5/12/2022 9:16
606297,5/12/2022 10:18
607788,5/12/2022 9:02
609252,5/12/2022 11:39
609421,5/12/2022 11:42
609610,5/12/2022 11:56
609701,5/12/2022 8:53
610989,5/12/2022 11:25
611500,5/12/2022 10:07
611509,5/12/2022 9:27
613020,5/12/2022 10:42
613151,5/12/2022 8:16
619366,5/12/2022 9:37
631445,5/12/2022 9:22
637326,5/12/2022 9:54
637710,5/12/2022 11:30
639130,5/12/2022 8:21
649243,5/12/2022 9:07
654734,5/12/2022 8:29
656909,5/12/2022 8:25
660603,5/12/2022 10:08
666897,5/12/2022 8:45
668169,5/12/2022 8:00
670009,5/12/2022 8:13
670021,5/12/2022 10:09
670056,5/12/2022 11:32
670262,5/12/2022 8:04
671828,5/12/2022 10:40
674113,5/12/2022 11:42
677266,5/12/2022 10:09
682135,5/12/2022 11:57
685600,5/12/2022 9:07
689309,5/12/2022 8:19
692080,5/12/2022 10:51
692671,5/12/2022 11:39
693956,5/12/2022 11:22
696004,5/12/2022 11:54
699460,5/12/2022 8:18
699596,5/12/2022 9:29
703058,5/12/2022 10:10
704477,5/12/2022 10:30
704764,5/12/2022 9:19
706385,5/12/2022 8:08
707424,5/12/2022 10:06
708774,5/12/2022 10:09
714043,5/12/2022 11:35
716829,5/12/2022 9:55
719233,5/12/2022 11:05
722537,5/12/2022 10:42
723723,5/12/2022 10:37
723846,5/12/2022 10:33
741699,5/12/2022 10:02
745099,5/12/2022 9:13
746380,5/12/2022 8:58
748526,5/12/2022 10:50
749758,5/12/2022 9:49
752483,5/12/2022 10:10
755613,5/12/2022 10:10
757840,5/12/2022 9:13
762029,5/12/2022 8:19
769213,5/12/2022 8:25
774659,5/12/2022 8:26
777159,5/12/2022 8:32
781474,5/12/2022 9:51
783061,5/12/2022 9:06
785830,5/12/2022 8:09
788146,5/12/2022 9:00
789229,5/12/2022 8:43
789966,5/12/2022 10:40
790860,5/12/2022 9:09
793629,5/12/2022 10:47
794633,5/12/2022 10:14
796594,5/12/2022 9:23
797358,5/12/2022 9:57
799882,5/12/2022 8:50
803902,5/12/2022 10:04
808134,5/12/2022 10:15
808811,5/12/2022 10:24
815017,5/12/2022 8:07
817115,5/12/2022 10:48
823989,5/12/2022 8:01
825574,5/12/2022 10:48
826436,5/12/2022 11:19
828298,5/12/2022 8:24
830948,5/12/2022 9:21
835149,5/12/2022 10:40
838764,5/12/2022 11:03
841049,5/12/2022 8:30
841140,5/12/2022 8:58
841274,5/12/2022 11:20
843812,5/12/2022 9:21
844939,5/12/2022 9:44
856550,5/12/2022 10:02
859467,5/12/2022 9:18
872152,5/12/2022 11:24
873073,5/12/2022 10:55
877203,5/12/2022 11:16
879181,5/12/2022 8:26
882274,5/12/2022 8:37
888967,5/12/2022 8:22
890677,5/12/2022 11:24
902243,5/12/2022 10:50
902609,5/12/2022 9:06
904057,5/12/2022 11:42
909102,5/12/2022 11:11
910784,5/12/2022 10:51
911001,5/12/2022 9:17
921571,5/12/2022 9:28
922986,5/12/2022 10:10
931154,5/12/2022 8:15
931758,5/12/2022 9:26
931785,5/12/2022 10:30
934123,5/12/2022 11:48
934216,5/12/2022 11:17
935432,5/12/2022 9:56
935671,5/12/2022 11:25
935845,5/12/2022 11:46
935862,5/12/2022 10:10
936177,5/12/2022 9:28
936378,5/12/2022 9:39
936484,5/12/2022 8:18
937370,5/12/2022 11:44
938785,5/12/2022 8:33
941467,5/12/2022 11:36
942490,5/12/2022 8:35
944237,5/12/2022 8:36
945645,5/12/2022 9:42
945833,5/12/2022 9:04
948077,5/12/2022 11:42
953595,5/12/2022 9:44
955506,5/12/2022 9:11
958475,5/12/2022 11:27
973859,5/12/2022 8:40
975179,5/12/2022 8:12
977722,5/12/2022 11:09
988176,5/12/2022 8:28
991961,5/12/2022 8:14
995443,5/12/2022 10:42
1000883,5/12/2022 10:50
1002835,5/12/2022 9:15
1003890,5/12/2022 11:05
1009838,5/12/2022 11:51
1012003,5/12/2022 11:58
1018204,5/12/2022 11:16
1022135,5/12/2022 11:25
1023693,5/12/2022 10:39
1027860,5/12/2022 9:02
1029680,5/12/2022 10:30
1030411,5/12/2022 8:07
1030615,5/12/2022 10:47
1039766,5/12/2022 10:37
1042022,5/12/2022 9:40
1043194,5/12/2022 9:33
1048798,5/12/2022 8:23
1049293,5/12/2022 8:06
1055661,5/12/2022 10:49
1060467,5/12/2022 10:04
1063855,5/12/2022 9:09
1069562,5/12/2022 10:20
1071843,5/12/2022 10:59
1080097,5/12/2022 11:17
1084046,5/12/2022 9:43
1084084,5/12/2022 10:34
1090307,5/12/2022 11:53
1090449,5/12/2022 10:34
1095207,5/12/2022 8:21
1097520,5/12/2022 10:42
1097766,5/12/2022 8:44
1100686,5/12/2022 8:49
1100714,5/12/2022 10:50
1107845,5/12/2022 8:21
1110749,5/12/2022 8:27
1112092,5/12/2022 8:48
1114695,5/12/2022 11:56
1118153,5/12/2022 11:57
1122236,5/12/2022 11:49
1123977,5/12/2022 11:01
1133329,5/12/2022 10:23
1136522,5/12/2022 10:24
1136984,5/12/2022 8:59
1141226,5/12/2022 10:00
1142039,5/12/2022 9:48
1145148,5/12/2022 10:12
1145590,5/12/2022 10:24
1145941,5/12/2022 9:19
1146966,5/12/2022 11:56
1147349,5/12/2022 10:09
1148517,5/12/2022 8:41
1150519,5/12/2022 10:43
1157083,5/12/2022 11:05
1159111,5/12/2022 10:25
1159226,5/12/2022 10:28
1163345,5/12/2022 10:59
1167507,5/12/2022 9:54
1171574,5/12/2022 9:51
1175308,5/12/2022 10:47
1179538,5/12/2022 11:43
1184846,5/12/2022 9:06
1187735,5/12/2022 9:13
1190224,5/12/2022 8:34
1190571,5/12/2022 10:45
1198799,5/12/2022 8:51
1198884,5/12/2022 10:26
1200083,5/12/2022 9:08
1200829,5/12/2022 8:00
1204142,5/12/2022 9:29
1205666,5/12/2022 11:08
1209255,5/12/2022 8:14
1209447,5/12/2022 10:21
1214306,5/12/2022 8:20
1214316,5/12/2022 9:50
1219691,5/12/2022 8:14
1220471,5/12/2022 10:22
1220816,5/12/2022 9:04
1223644,5/12/2022 10:34
1225820,5/12/2022 11:34
1244053,5/12/2022 10:29
1246117,5/12/2022 8:13
1246769,5/12/2022 10:51
1246809,5/12/2022 9:43
1249060,5/12/2022 11:28
1251707,5/12/2022 8:50
1251763,5/12/2022 11:00
1251813,5/12/2022 10:08
1252147,5/12/2022 9:16
1252740,5/12/2022 11:25
1256883,5/12/2022 10:40
1256892,5/12/2022 8:49
1259305,5/12/2022 8:12
1260259,5/12/2022 8:42
1263470,5/12/2022 10:35
1264287,5/12/2022 8:48
1266459,5/12/2022 10:27
1273432,5/12/2022 11:07
1277033,5/12/2022 10:20
1279660,5/12/2022 8:39
1289082,5/12/2022 10:57
1301535,5/12/2022 8:08
1305009,5/12/2022 10:49
1307898,5/12/2022 9:38
1317919,5/12/2022 10:25
1321090,5/12/2022 9:52
1323446,5/12/2022 10:56
1323634,5/12/2022 10:21
1328159,5/12/2022 10:57
1340668,5/12/2022 10:35
1343805,5/12/2022 9:50
1348777,5/12/2022 10:05
1349175,5/12/2022 9:29
1351716,5/12/2022 10:32
1354750,5/12/2022 8:02
1355094,5/12/2022 11:46
1356339,5/12/2022 10:11
1364440,5/12/2022 9:28
1377812,5/12/2022 8:40
1386306,5/12/2022 10:24
1392332,5/12/2022 10:38
1404307,5/12/2022 8:42
1407502,5/12/2022 11:36
1416279,5/12/2022 10:31
1416763,5/12/2022 9:10
1417880,5/12/2022 8:23
1427103,5/12/2022 8:19
1428687,5/12/2022 10:26
1429904,5/12/2022 11:39
1432713,5/12/2022 10:40
1433440,5/12/2022 10:04
1439237,5/12/2022 11:27
1442973,5/12/2022 8:44
1450262,5/12/2022 8:53
1455269,5/12/2022 10:40
1455908,5/12/2022 8:06
1457330,5/12/2022 8:35
1461971,5/12/2022 10:40
1472532,5/12/2022 10:58
1476298,5/12/2022 11:27
1483944,5/12/2022 9:46
1484651,5/12/2022 9:27
1488166,5/12/2022 9:04
1493197,5/12/2022 8:45
1494828,5/12/2022 8:04
1494986,5/12/2022 10:35
1495271,5/12/2022 9:27
1499596,5/12/2022 10:26
1511620,5/12/2022 8:14
1513847,5/12/2022 8:01
1520449,5/12/2022 10:50
1520501,5/12/2022 11:00
1520533,5/12/2022 11:41
1520549,5/12/2022 11:15
1520581,5/12/2022 10:32
1520593,5/12/2022 8:47
1521633,5/12/2022 10:00
1525972,5/12/2022 11:28
1531458,5/12/2022 8:21
1534622,5/12/2022 10:27
1537246,5/12/2022 9:05
1538865,5/12/2022 11:13
1539463,5/12/2022 9:54
1539476,5/12/2022 10:43
1541705,5/12/2022 10:44
1545801,5/12/2022 10:33
1547337,5/12/2022 10:11
1549973,5/12/2022 10:44
1556170,5/12/2022 11:24
1557314,5/12/2022 11:32
1561256,5/12/2022 11:51
1562643,5/12/2022 8:04
1566487,5/12/2022 8:44
1571230,5/12/2022 9:06
1579615,5/12/2022 10:21
1583047,5/12/2022 10:39
1589461,5/12/2022 11:47
1589681,5/12/2022 10:13
1593939,5/12/2022 8:17
1593991,5/12/2022 9:33
1594219,5/12/2022 10:02
1594313,5/12/2022 8:41
1594328,5/12/2022 11:39
1594412,5/12/2022 8:42
1599856,5/12/2022 8:30
1601714,5/12/2022 10:02
1602421,5/12/2022 10:38
1602488,5/12/2022 11:01
1606171,5/12/2022 9:13
1609922,5/12/2022 10:11
1614502,5/12/2022 8:12
1618842,5/12/2022 11:24
1622794,5/12/2022 11:18
1623894,5/12/2022 11:24
1633025,5/12/2022 11:23
1633986,5/12/2022 11:34
1651324,5/12/2022 10:48
1652097,5/12/2022 9:53
1652107,5/12/2022 10:57
1672979,5/12/2022 10:02
1684236,5/12/2022 10:05
1686930,5/12/2022 9:39
1686958,5/12/2022 9:20
1692318,5/12/2022 8:37
1696015,5/12/2022 11:49
1696194,5/12/2022 8:44
1702092,5/12/2022 9:06
1707064,5/12/2022 11:31
1709737,5/12/2022 11:14
1715582,5/12/2022 10:51
1716901,5/12/2022 10:33
1724849,5/12/2022 9:27
1732280,5/12/2022 9:21
1732441,5/12/2022 8:42
1733747,5/12/2022 8:16
1737244,5/12/2022 10:35
1738425,5/12/2022 8:49
1742425,5/12/2022 10:29
1747184,5/12/2022 10:29
1750010,5/12/2022 10:26
1750681,5/12/2022 8:29
1758935,5/12/2022 10:32
1761870,5/12/2022 11:29
1762354,5/12/2022 9:14
1763809,5/12/2022 8:46
1764233,5/12/2022 9:16
1768883,5/12/2022 8:32
1772119,5/12/2022 11:24
1773803,5/12/2022 11:07
1775016,5/12/2022 8:02
1777158,5/12/2022 11:27
1778989,5/12/2022 11:29
1781723,5/12/2022 9:37
1781873,5/12/2022 10:14
1782140,5/12/2022 11:33
1783382,5/12/2022 9:02
1786923,5/12/2022 11:57
1789341,5/12/2022 11:16
1790020,5/12/2022 9:54
1793138,5/12/2022 10:21
1796217,5/12/2022 11:59
1796302,5/12/2022 9:51
1796861,5/12/2022 8:53
1797207,5/12/2022 9:19
1799255,5/12/2022 9:41
1802663,5/12/2022 11:21
1806899,5/12/2022 8:23
1815304,5/12/2022 11:40
1815472,5/12/2022 10:28
1815677,5/12/2022 11:48
1817878,5/12/2022 8:57
1818754,5/12/2022 9:40
1818768,5/12/2022 10:25
1820794,5/12/2022 9:26
1826155,5/12/2022 10:41
1827586,5/12/2022 11:04
1828232,5/12/2022 11:57
1831338,5/12/2022 8:06
1833250,5/12/2022 9:10
1840671,5/12/2022 9:59
1844791,5/12/2022 10:13
1851837,5/12/2022 10:33
1851863,5/12/2022 9:19
1856253,5/12/2022 8:12
1856851,5/12/2022 10:02
1856970,5/12/2022 11:07
1857141,5/12/2022 10:52
1872885,5/12/2022 11:39
1880734,5/12/2022 10:04
1882316,5/12/2022 11:53
1885801,5/12/2022 9:27
1897000,5/12/2022 10:18
1898511,5/12/2022 10:27
1900698,5/12/2022 11:37
1901706,5/12/2022 11:47
1905473,5/12/2022 9:41
1909058,5/12/2022 8:47
1914051,5/12/2022 11:25
1920477,5/12/2022 11:24
1925661,5/12/2022 10:41
1928010,5/12/2022 10:41
1935439,5/12/2022 9:00
1940787,5/12/2022 9:33
1944596,5/12/2022 10:06
1950012,5/12/2022 9:09
1950446,5/12/2022 9:39
1954452,5/12/2022 11:42
1956094,5/12/2022 10:33
1956274,5/12/2022 11:36
1956553,5/12/2022 11:46
1961671,5/12/2022 11:38
1961950,5/12/2022 11:51
1970725,5/12/2022 10:24
1974131,5/12/2022 11:55
1976382,5/12/2022 11:02
1978743,5/12/2022 8:08
1980283,5/12/2022 11:29
1980395,5/12/2022 10:33
1983713,5/12/2022 8:34
1984692,5/12/2022 10:58
1984962,5/12/2022 9:14
2004931,5/12/2022 11:37
2011193,5/12/2022 11:08
2016613,5/12/2022 8:35
2020505,5/12/2022 10:28
2026794,5/12/2022 8:10
2027236,5/12/2022 9:42
2032805,5/12/2022 11:41
2033191,5/12/2022 11:47
2037250,5/12/2022 8:00
2039149,5/12/2022 9:02
2051658,5/12/2022 10:08
2056276,5/12/2022 10:48
2060441,5/12/2022 10:04
2061463,5/12/2022 10:58
2068301,5/12/2022 8:50
2069917,5/12/2022 8:49
2071305,5/12/2022 10:02
2075094,5/12/2022 10:08
2103939,5/12/2022 8:27
2110357,5/12/2022 11:05
2112625,5/12/2022 10:44
2130652,5/12/2022 11:54
2134911,5/12/2022 8:26
2149219,5/12/2022 10:32
2150760,5/12/2022 9:01
2154617,5/12/2022 9:02
2158992,5/12/2022 8:38
2186330,5/12/2022 9:32
2187563,5/12/2022 8:35
2187906,5/12/2022 10:48
2191169,5/12/2022 9:06
2191633,5/12/2022 11:28
2194715,5/12/2022 11:58
2197168,5/12/2022 11:58
2197982,5/12/2022 11:19
2203983,5/12/2022 11:47
2208757,5/12/2022 11:14
2211594,5/12/2022 10:03
2215336,5/12/2022 8:07
2217257,5/12/2022 8:13
2238105,5/12/2022 10:36
2249292,5/12/2022 11:34
2256124,5/12/2022 11:23
2260626,5/12/2022 8:06
2263643,5/12/2022 9:37
2267088,5/12/2022 11:06
2268329,5/12/2022 9:53
2274086,5/12/2022 9:15
2277640,5/12/2022 10:02
2284536,5/12/2022 11:39
2297917,5/12/2022 9:17
2298775,5/12/2022 8:00
2303981,5/12/2022 10:20
2309250,5/12/2022 8:30
2332949,5/12/2022 10:13
2339333,5/12/2022 11:55
2350464,5/12/2022 10:36
2352218,5/12/2022 11:57
2357110,5/12/2022 11:30
2367298,5/12/2022 11:37
2373176,5/12/2022 11:31
2385623,5/12/2022 9:22
2386589,5/12/2022 8:15
2387265,5/12/2022 9:51
2387605,5/12/2022 8:57
2391699,5/12/2022 9:17
2392869,5/12/2022 10:01
2396734,5/12/2022 10:50
2399736,5/12/2022 11:24
2406966,5/12/2022 8:26
2412633,5/12/2022 11:21
2413338,5/12/2022 11:48
2418658,5/12/2022 8:58
2419879,5/12/2022 8:50
2420536,5/12/2022 11:10
2426152,5/12/2022 8:42
2441908,5/12/2022 10:18
2459519,5/12/2022 10:35
2467550,5/12/2022 10:10
2471659,5/12/2022 8:05
2471731,5/12/2022 11:15
2472850,5/12/2022 11:59
2474569,5/12/2022 9:41
2481189,5/12/2022 11:23
2481869,5/12/2022 11:28
2484067,5/12/2022 9:03
2486612,5/12/2022 8:37
2487892,5/12/2022 10:33
2488228,5/12/2022 9:15
2489283,5/12/2022 10:03
2489339,5/12/2022 9:01
2492143,5/12/2022 9:21
2493658,5/12/2022 9:22
2494157,5/12/2022 10:07
2500188,5/12/2022 10:25
2508065,5/12/2022 11:55
2515795,5/12/2022 11:33
2516391,5/12/2022 10:58
2520890,5/12/2022 10:42
2522091,5/12/2022 9:29
2525172,5/12/2022 9:18
2526129,5/12/2022 11:50
2526405,5/12/2022 11:53
2532879,5/12/2022 11:13
2536507,5/12/2022 11:33
2539881,5/12/2022 8:52
2556794,5/12/2022 9:03
2557712,5/12/2022 10:11
2577625,5/12/2022 11:29
2584354,5/12/2022 10:31
2586350,5/12/2022 10:04
2586642,5/12/2022 10:52
2593176,5/12/2022 9:41
2593263,5/12/2022 8:15
2605975,5/12/2022 10:37
2610187,5/12/2022 9:12
2612025,5/12/2022 9:37
2612399,5/12/2022 8:08
2614387,5/12/2022 11:11
2620429,5/12/2022 11:33
2621746,5/12/2022 11:17
2628010,5/12/2022 9:55
2630912,5/12/2022 11:44
2638086,5/12/2022 10:39
2642359,5/12/2022 10:23
2650482,5/12/2022 11:08
2652941,5/12/2022 10:38
2660384,5/12/2022 11:23
2670365,5/12/2022 11:11
2686374,5/12/2022 9:10
2686624,5/12/2022 9:41
2686659,5/12/2022 8:09
2687172,5/12/2022 8:52
2688555,5/12/2022 8:28
2691273,5/12/2022 10:38
2692126,5/12/2022 9:42
2693137,5/12/2022 9:34
2693700,5/12/2022 11:01
2695493,5/12/2022 10:02
2710274,5/12/2022 10:43
2715623,5/12/2022 11:57
2720963,5/12/2022 11:33
2721575,5/12/2022 11:20
2723368,5/12/2022 9:26
2727808,5/12/2022 11:36
2727938,5/12/2022 11:49
2727984,5/12/2022 10:42
2729077,5/12/2022 11:48
2731253,5/12/2022 8:47
2736961,5/12/2022 10:22
2737012,5/12/2022 11:56
2737038,5/12/2022 8:57
2746782,5/12/2022 11:36
2749725,5/12/2022 11:11
2755730,5/12/2022 8:23
2760901,5/12/2022 11:06
2761092,5/12/2022 10:10
2762241,5/12/2022 10:12
2763078,5/12/2022 8:26
2764126,5/12/2022 11:08
2769088,5/12/2022 8:07
2776890,5/12/2022 10:47
2778101,5/12/2022 10:11
2800448,5/12/2022 8:01
2802844,5/12/2022 10:13
2804399,5/12/2022 9:12
2808357,5/12/2022 11:49
2809796,5/12/2022 9:32
2818292,5/12/2022 10:18
2818420,5/12/2022 8:07
2822984,5/12/2022 8:06
2825852,5/12/2022 11:03
2830174,5/12/2022 10:27
2836237,5/12/2022 8:56
2856806,5/12/2022 9:44
2858482,5/12/2022 11:08
2865992,5/12/2022 8:40
2868006,5/12/2022 8:38
2875975,5/12/2022 9:27
2881446,5/12/2022 11:16
2882641,5/12/2022 9:45
2897897,5/12/2022 9:00
2898401,5/12/2022 9:05
2898954,5/12/2022 11:34
2905375,5/12/2022 8:14
2906694,5/12/2022 9:41
2909809,5/12/2022 9:20
2919571,5/12/2022 8:40
2923529,5/12/2022 10:34
2926776,5/12/2022 9:59
2931922,5/12/2022 11:41
2933877,5/12/2022 10:20
2934389,5/12/2022 9:01
2935486,5/12/2022 9:45
2943860,5/12/2022 8:15
2944021,5/12/2022 11:35
2950213,5/12/2022 11:05
2955782,5/12/2022 8:04
2958318,5/12/2022 10:13
2966415,5/12/2022 10:46
2969955,5/12/2022 11:51
2970666,5/12/2022 10:44
2976798,5/12/2022 8:18
2978929,5/12/2022 11:35
2979387,5/12/2022 8:53
2980762,5/12/2022 10:01
2986056,5/12/2022 9:32
2989758,5/12/2022 10:14
2994309,5/12/2022 9:48
2995996,5/12/2022 9:20
3004007,5/12/2022 8:53
3005854,5/12/2022 10:00
3022564,5/12/2022 10:38
3024336,5/12/2022 8:00
3025456,5/12/2022 11:47
3031415,5/12/2022 8:25
3033913,5/12/2022 10:57
3038772,5/12/2022 10:37
3039438,5/12/2022 8:02
3040278,5/12/2022 9:46
3041619,5/12/2022 11:51
3050140,5/12/2022 9:16
3052151,5/12/2022 11:52
3053237,5/12/2022 8:13
3061918,5/12/2022 11:08
3066740,5/12/2022 8:16
3076065,5/12/2022 9:58
3085726,5/12/2022 8:41
3096191,5/12/2022 9:17
3115801,5/12/2022 11:34
3120652,5/12/2022 11:00
3121829,5/12/2022 10:01
3123041,5/12/2022 9:35
3123632,5/12/2022 8:22
3124383,5/12/2022 10:12
3124961,5/12/2022 8:33
3126153,5/12/2022 10:34
3139847,5/12/2022 9:02
3139972,5/12/2022 12:00
3143175,5/12/2022 9:22
3143227,5/12/2022 9:04
3144311,5/12/2022 10:44
3144597,5/12/2022 10:50
3146212,5/12/2022 11:31
3147706,5/12/2022 11:22
3155785,5/12/2022 10:18
3157738,5/12/2022 10:20
3158210,5/12/2022 10:57
3158243,5/12/2022 8:54
3168651,5/12/2022 11:15
3177005,5/12/2022 11:16
3186785,5/12/2022 8:52
3193738,5/12/2022 8:05
3200646,5/12/2022 10:52
3206305,5/12/2022 8:32
3208330,5/12/2022 10:53
3208667,5/12/2022 9:34
3209633,5/12/2022 10:10
3209964,5/12/2022 10:55
3215404,5/12/2022 9:19
3226793,5/12/2022 11:58
3231850,5/12/2022 11:55
3237501,5/12/2022 11:45
3238295,5/12/2022 10:54
3242247,5/12/2022 9:08
3242605,5/12/2022 10:10
3245876,5/12/2022 11:25
3246706,5/12/2022 8:33
3250577,5/12/2022 9:34
3251016,5/12/2022 8:43
3251069,5/12/2022 9:04
3254956,5/12/2022 8:31
3258213,5/12/2022 11:32
3258386,5/12/2022 10:57
3258585,5/12/2022 9:49
3263071,5/12/2022 10:49
3263722,5/12/2022 8:00
3265292,5/12/2022 9:11
3269390,5/12/2022 9:09
3270492,5/12/2022 9:14
3272374,5/12/2022 8:05
3273240,5/12/2022 11:50
3279728,5/12/2022 10:15
3281072,5/12/2022 8:18
3282000,5/12/2022 11:21
3282760,5/12/2022 9:02
3291295,5/12/2022 9:15
3291777,5/12/2022 10:32
3293438,5/12/2022 9:17
3294243,5/12/2022 11:44
3294804,5/12/2022 8:55
3303376,5/12/2022 11:26
3303857,5/12/2022 10:14
3303978,5/12/2022 10:23
3308825,5/12/2022 10:01
3308979,5/12/2022 11:27
3312406,5/12/2022 11:29
3316219,5/12/2022 8:06
3317940,5/12/2022 8:20
3319386,5/12/2022 10:03
3329962,5/12/2022 8:31
3333971,5/12/2022 10:31
3334052,5/12/2022 9:47
3344977,5/12/2022 10:39
3345341,5/12/2022 11:46
3352685,5/12/2022 11:32
3354614,5/12/2022 11:14
3354761,5/12/2022 11:34
3372535,5/12/2022 9:27
3379116,5/12/2022 9:50
3380159,5/12/2022 8:39
3382533,5/12/2022 8:27
3383329,5/12/2022 11:02
3385421,5/12/2022 11:22
3386862,5/12/2022 9:58
3394338,5/12/2022 10:14
3394837,5/12/2022 9:10
3394936,5/12/2022 10:08
3396140,5/12/2022 9:44
3401644,5/12/2022 9:52
3402376,5/12/2022 9:33
3403638,5/12/2022 11:37
3403858,5/12/2022 8:21
3404557,5/12/2022 11:48
3404700,5/12/2022 10:30
3404914,5/12/2022 8:43
3412630,5/12/2022 10:53
3413183,5/12/2022 9:36
3416217,5/12/2022 8:33
3416590,5/12/2022 11:40
3418230,5/12/2022 9:43
3418349,5/12/2022 10:44
3422894,5/12/2022 11:14
3424114,5/12/2022 10:55
3424242,5/12/2022 9:04
3424991,5/12/2022 10:51
3426639,5/12/2022 8:09
3434459,5/12/2022 8:39
3441402,5/12/2022 9:02
3446274,5/12/2022 9:17
3449059,5/12/2022 9:54
3456599,5/12/2022 11:41
3463245,5/12/2022 10:07
3468261,5/12/2022 9:07
3479241,5/12/2022 11:28
3479851,5/12/2022 8:22
3487824,5/12/2022 9:41
3488436,5/12/2022 8:23
3489083,5/12/2022 9:48
3489837,5/12/2022 11:15
3490239,5/12/2022 8:57
3494608,5/12/2022 10:23
3497530,5/12/2022 9:57
3498114,5/12/2022 11:52
3504521,5/12/2022 9:36
3505739,5/12/2022 11:28
3510818,5/12/2022 10:43
3518808,5/12/2022 8:35
3522409,5/12/2022 10:48
3528627,5/12/2022 11:47
3529563,5/12/2022 10:08
3531616,5/12/2022 10:42
3533112,5/12/2022 8:00
3533224,5/12/2022 10:14
3534364,5/12/2022 11:43
3534444,5/12/2022 9:21
3535171,5/12/2022 11:43
3543084,5/12/2022 11:44
3543247,5/12/2022 11:55
3543791,5/12/2022 9:23
3544550,5/12/2022 9:01
3544953,5/12/2022 8:57
3544964,5/12/2022 10:11
3551668,5/12/2022 8:41
3552006,5/12/2022 9:39
3552523,5/12/2022 9:03
3554558,5/12/2022 8:16
3561108,5/12/2022 9:45
3561237,5/12/2022 11:22
3562617,5/12/2022 11:02
3563218,5/12/2022 11:21
3570691,5/12/2022 11:15
3582883,5/12/2022 10:50
3584790,5/12/2022 11:09
3585592,5/12/2022 11:42
3592838,5/12/2022 10:51
3593582,5/12/2022 11:07
3594885,5/12/2022 11:29
3594959,5/12/2022 10:13
3604904,5/12/2022 9:26
3604931,5/12/2022 9:11
3610724,5/12/2022 9:29
3613516,5/12/2022 10:28
3615614,5/12/2022 11:15
3624990,5/12/2022 9:35
3626162,5/12/2022 9:53
3626497,5/12/2022 10:21
3627658,5/12/2022 11:31
3630581,5/12/2022 8:04
3637180,5/12/2022 8:03
3639023,5/12/2022 11:26
3642289,5/12/2022 10:08
3646393,5/12/2022 9:10
3652434,5/12/2022 11:18
3652612,5/12/2022 10:13
3653575,5/12/2022 11:11
3656508,5/12/2022 8:53
3657819,5/12/2022 9:14
3666970,5/12/2022 8:04
3673011,5/12/2022 9:14
3673759,5/12/2022 10:31
3676779,5/12/2022 8:24
3677729,5/12/2022 8:48
3678718,5/12/2022 10:08
3679617,5/12/2022 9:21
3686556,5/12/2022 11:09
3689119,5/12/2022 11:31
3689416,5/12/2022 9:02
3691288,5/12/2022 10:07
3697351,5/12/2022 9:12
3703121,5/12/2022 10:09
3706719,5/12/2022 9:40
3720429,5/12/2022 8:38
3720511,5/12/2022 9:33
3720731,5/12/2022 8:05
3726391,5/12/2022 11:11
3727017,5/12/2022 8:16
3728802,5/12/2022 8:06
3732076,5/12/2022 8:00
3732094,5/12/2022 10:09
3732103,5/12/2022 9:30
3732949,5/12/2022 9:35
3738724,5/12/2022 10:21
3739681,5/12/2022 9:37
3751503,5/12/2022 11:24
3753645,5/12/2022 10:13
3757858,5/12/2022 10:10
3759039,5/12/2022 8:29
3766055,5/12/2022 8:25
3766285,5/12/2022 11:00
3766866,5/12/2022 10:55
3768626,5/12/2022 11:38
3768742,5/12/2022 8:23
3768745,5/12/2022 10:12
3769336,5/12/2022 9:50
3770248,5/12/2022 11:51
3772674,5/12/2022 11:39
3773417,5/12/2022 10:43
3773568,5/12/2022 8:39
3773700,5/12/2022 10:37
3773784,5/12/2022 10:01
3774113,5/12/2022 10:08
3783162,5/12/2022 9:29
3791920,5/12/2022 9:39
3793047,5/12/2022 8:22
3793185,5/12/2022 9:22
3793406,5/12/2022 9:02
3793790,5/12/2022 11:53
3803212,5/12/2022 10:46
3803947,5/12/2022 10:57
3811828,5/12/2022 11:46
3811872,5/12/2022 9:58
3811930,5/12/2022 8:57
3811955,5/12/2022 10:21
3812725,5/12/2022 11:25
3817141,5/12/2022 10:08
3818746,5/12/2022 9:38
3819831,5/12/2022 10:35
3820186,5/12/2022 8:40
3821663,5/12/2022 11:20
3821822,5/12/2022 8:26
3835995,5/12/2022 9:47
3843706,5/12/2022 9:34
3844087,5/12/2022 9:21
3849918,5/12/2022 10:41
3852117,5/12/2022 11:09
3858725,5/12/2022 10:04
3859882,5/12/2022 8:56
3861673,5/12/2022 10:34
3868138,5/12/2022 8:46
3868844,5/12/2022 9:58
3870253,5/12/2022 11:57
3870937,5/12/2022 8:01
3876097,5/12/2022 8:04
3882930,5/12/2022 9:52
3883041,5/12/2022 8:34
3883137,5/12/2022 11:24
3883392,5/12/2022 8:25
3884805,5/12/2022 11:41
3884851,5/12/2022 10:18
3888924,5/12/2022 11:49
3888986,5/12/2022 10:53
3889050,5/12/2022 11:44
3889280,5/12/2022 9:53
3889299,5/12/2022 8:15
3889330,5/12/2022 11:11
3890786,5/12/2022 10:21
3890990,5/12/2022 8:31
3891695,5/12/2022 10:55
3898413,5/12/2022 9:10
3898692,5/12/2022 8:38
3899160,5/12/2022 10:14
3904056,5/12/2022 10:19
3906076,5/12/2022 8:26
3908378,5/12/2022 8:28
3915826,5/12/2022 9:23
3916050,5/12/2022 10:34
3921664,5/12/2022 11:39
3922845,5/12/2022 8:19
3922853,5/12/2022 8:13
3925572,5/12/2022 11:00
3925573,5/12/2022 8:27
3926008,5/12/2022 11:38
3930270,5/12/2022 8:38
3930681,5/12/2022 8:10
3931346,5/12/2022 11:57
3931571,5/12/2022 11:05
3932674,5/12/2022 8:37
3939683,5/12/2022 9:28
3940265,5/12/2022 8:36
3946160,5/12/2022 11:16
3946631,5/12/2022 9:48
3946674,5/12/2022 8:24
3951768,5/12/2022 8:30
3953365,5/12/2022 10:53
3953611,5/12/2022 10:59
3959442,5/12/2022 9:36
3959460,5/12/2022 11:48
3961077,5/12/2022 8:19
3963320,5/12/2022 10:24
3968416,5/12/2022 10:40
3970736,5/12/2022 10:02
3971137,5/12/2022 11:47
3971346,5/12/2022 11:05
3971934,5/12/2022 9:20
3975434,5/12/2022 11:02
3977450,5/12/2022 10:05
3977605,5/12/2022 10:16
3979496,5/12/2022 8:17
3986788,5/12/2022 10:01
3986793,5/12/2022 8:17
3987838,5/12/2022 9:52
3992155,5/12/2022 10:39
3993960,5/12/2022 11:04
3994397,5/12/2022 10:03
3994601,5/12/2022 8:52
3994634,5/12/2022 11:46
3995007,5/12/2022 10:53
3998922,5/12/2022 11:56
3998984,5/12/2022 10:27
4008373,5/12/2022 11:40
4009295,5/12/2022 9:25
4009508,5/12/2022 11:14
4016079,5/12/2022 10:07
4016650,5/12/2022 8:32
4017140,5/12/2022 10:01
4022127,5/12/2022 9:49
4023177,5/12/2022 10:12
4024844,5/12/2022 10:21
4025593,5/12/2022 8:52
4025954,5/12/2022 10:26
4026757,5/12/2022 10:50
4030600,5/12/2022 8:05
4030640,5/12/2022 11:12
4031625,5/12/2022 9:46
4038347,5/12/2022 8:36
4041868,5/12/2022 11:18
4046863,5/12/2022 8:52
4047058,5/12/2022 11:44
4047399,5/12/2022 11:28
4053092,5/12/2022 9:45
4053644,5/12/2022 9:45
4053972,5/12/2022 8:38
4061051,5/12/2022 9:40
4061207,5/12/2022 8:54
4066344,5/12/2022 10:16
4069543,5/12/2022 10:56
4075152,5/12/2022 8:50
4077920,5/12/2022 11:17
4082250,5/12/2022 8:38
4082986,5/12/2022 9:56
4084398,5/12/2022 8:55
4084712,5/12/2022 10:28
4085439,5/12/2022 11:29
4092037,5/12/2022 11:24
4100009,5/12/2022 8:39
4104442,5/12/2022 10:51
4105081,5/12/2022 9:47
4105164,5/12/2022 9:14
4106041,5/12/2022 10:11
4110396,5/12/2022 11:33
4111137,5/12/2022 11:11
4111954,5/12/2022 10:32
4116645,5/12/2022 11:59
4118282,5/12/2022 10:37
4121334,5/12/2022 9:50
4122325,5/12/2022 10:41
4125779,5/12/2022 8:29
4126284,5/12/2022 11:27
4127196,5/12/2022 8:35
4129218,5/12/2022 9:30
4130102,5/12/2022 9:30
4130112,5/12/2022 10:13
4135710,5/12/2022 10:24
4137114,5/12/2022 8:19
4138423,5/12/2022 10:43
4144767,5/12/2022 9:18
4151093,5/12/2022 10:26
4151430,5/12/2022 10:43
4157572,5/12/2022 8:24
4163204,5/12/2022 9:11
4163306,5/12/2022 10:46
4163851,5/12/2022 11:22
4165387,5/12/2022 10:55
4170863,5/12/2022 11:51
4172364,5/12/2022 8:50
4180905,5/12/2022 9:03
4181226,5/12/2022 8:49
4182732,5/12/2022 9:46
4184211,5/12/2022 9:44
4187961,5/12/2022 10:06
4190689,5/12/2022 9:53
4190771,5/12/2022 9:46
4199019,5/12/2022 11:51
4205026,5/12/2022 11:49
4208555,5/12/2022 10:16
4210585,5/12/2022 8:46
4211081,5/12/2022 10:45
4211629,5/12/2022 8:57
4211836,5/12/2022 10:09
4218733,5/12/2022 8:53
4223597,5/12/2022 11:39
4225225,5/12/2022 9:13
4226386,5/12/2022 10:53
4231670,5/12/2022 10:25
4235559,5/12/2022 8:46
4236723,5/12/2022 8:09
4238106,5/12/2022 10:54
4240933,5/12/2022 10:02
4241862,5/12/2022 11:59
4242626,5/12/2022 10:03
4243163,5/12/2022 10:48
4250367,5/12/2022 8:18
4250639,5/12/2022 9:10
4250749,5/12/2022 10:40
4250938,5/12/2022 9:57
4251235,5/12/2022 10:02
4251426,5/12/2022 11:51
4252591,5/12/2022 9:02
4256558,5/12/2022 8:55
4256705,5/12/2022 10:04
4257097,5/12/2022 8:37
4258515,5/12/2022 11:20
4258762,5/12/2022 8:27
4264012,5/12/2022 11:28
4264043,5/12/2022 10:40
4264056,5/12/2022 10:56
4270642,5/12/2022 8:57
4271174,5/12/2022 11:49
4271221,5/12/2022 8:54
4277026,5/12/2022 8:08
4278896,5/12/2022 8:04
4279578,5/12/2022 10:34
4279876,5/12/2022 10:18
4287974,5/12/2022 8:41
4288801,5/12/2022 8:16
4297068,5/12/2022 10:08
4310055,5/12/2022 11:35
4311078,5/12/2022 9:04
4311244,5/12/2022 8:07
4316910,5/12/2022 10:09
4317390,5/12/2022 8:18
4318031,5/12/2022 11:05
4318709,5/12/2022 8:42
4318814,5/12/2022 9:29
4322622,5/12/2022 10:18
4324317,5/12/2022 9:49
4324917,5/12/2022 10:53
4334804,5/12/2022 9:45
4340410,5/12/2022 10:01
4340838,5/12/2022 10:53
4349344,5/12/2022 10:49
4357979,5/12/2022 9:09
4360485,5/12/2022 8:35
4360604,5/12/2022 10:02
4363919,5/12/2022 10:09
4364285,5/12/2022 10:43
4370312,5/12/2022 11:07
4374326,5/12/2022 8:47
4378803,5/12/2022 11:34
4379551,5/12/2022 9:10
4384000,5/12/2022 11:35
4384095,5/12/2022 9:24
4384343,5/12/2022 11:45
4384800,5/12/2022 9:48
4387985,5/12/2022 11:14
4388148,5/12/2022 10:31
4395349,5/12/2022 11:39
4395502,5/12/2022 9:47
4395578,5/12/2022 11:53
4395654,5/12/2022 9:42
4396961,5/12/2022 10:01
4401544,5/12/2022 8:53
4402880,5/12/2022 9:48
4403171,5/12/2022 10:26
4404126,5/12/2022 9:28
4410493,5/12/2022 8:04
4410544,5/12/2022 11:04
4410789,5/12/2022 8:14
4417792,5/12/2022 9:57
4418480,5/12/2022 10:03
4423130,5/12/2022 9:31
4429898,5/12/2022 9:40
4430233,5/12/2022 11:18
4430381,5/12/2022 11:41
4432489,5/12/2022 8:46
4438160,5/12/2022 8:10
4438188,5/12/2022 11:39
4438871,5/12/2022 9:19
4439293,5/12/2022 11:42
4449303,5/12/2022 9:43
4454121,5/12/2022 11:57
4454264,5/12/2022 10:56
4454295,5/12/2022 9:24
4461706,5/12/2022 11:22
4464542,5/12/2022 10:52
4464795,5/12/2022 8:52
4464824,5/12/2022 11:34
4468524,5/12/2022 10:39
4477426,5/12/2022 10:58
4479426,5/12/2022 9:50
4481979,5/12/2022 8:52
4484426,5/12/2022 11:47
4485424,5/12/2022 11:48
4494947,5/12/2022 10:13
4494948,5/12/2022 10:29
4507137,5/12/2022 10:26
4516960,5/12/2022 10:37
4518037,5/12/2022 10:30
4518474,5/12/2022 8:06
4520099,5/12/2022 8:45
4520179,5/12/2022 8:34
4521755,5/12/2022 10:16
4524575,5/12/2022 8:17
4526737,5/12/2022 10:49
4526943,5/12/2022 8:52
4531944,5/12/2022 8:39
4532538,5/12/2022 9:59
4539948,5/12/2022 10:10
4546924,5/12/2022 10:17
4550099,5/12/2022 10:33
4550199,5/12/2022 11:44
4555997,5/12/2022 9:48
4557204,5/12/2022 8:21
4559222,5/12/2022 11:59
4559985,5/12/2022 8:57
4564730,5/12/2022 11:12
4565370,5/12/2022 11:19
4566393,5/12/2022 9:45
4566609,5/12/2022 9:20
4567243,5/12/2022 8:44
4569115,5/12/2022 11:09
4574039,5/12/2022 10:55
4574700,5/12/2022 8:00
4577542,5/12/2022 9:22
4581124,5/12/2022 9:45
4581256,5/12/2022 11:50
4583161,5/12/2022 11:46
4589654,5/12/2022 10:06
4593740,5/12/2022 8:06
4596493,5/12/2022 8:58
4597013,5/12/2022 9:37
4597584,5/12/2022 11:40
4598160,5/12/2022 8:46
4599119,5/12/2022 9:52
4607830,5/12/2022 10:28
4608208,5/12/2022 10:12
4608592,5/12/2022 9:54
4614955,5/12/2022 8:13
4616634,5/12/2022 8:08
4616695,5/12/2022 10:00
4623541,5/12/2022 10:58
4629020,5/12/2022 11:59
4632923,5/12/2022 8:27
4637670,5/12/2022 9:45
4637801,5/12/2022 11:32
4638785,5/12/2022 10:57
4639040,5/12/2022 9:35
4639465,5/12/2022 10:44
4642956,5/12/2022 11:19
4645208,5/12/2022 8:21
4645405,5/12/2022 9:02
4651974,5/12/2022 9:05
4652918,5/12/2022 9:14
4653552,5/12/2022 11:42
4659824,5/12/2022 10:51
4660460,5/12/2022 11:54
4660517,5/12/2022 8:54
4661374,5/12/2022 11:59
4661812,5/12/2022 8:27
4664312,5/12/2022 9:44
4668327,5/12/2022 9:26
4669377,5/12/2022 9:26
4672934,5/12/2022 10:51
4676275,5/12/2022 11:36
4677524,5/12/2022 9:07
4678866,5/12/2022 9:01
4679983,5/12/2022 10:17
4681687,5/12/2022 10:24
4681885,5/12/2022 10:20
4688603,5/12/2022 9:29
4693488,5/12/2022 9:29
4694479,5/12/2022 11:55
4701141,5/12/2022 10:03
4701146,5/12/2022 10:36
4701205,5/12/2022 9:48
4706111,5/12/2022 10:50
4707171,5/12/2022 8:05
4708075,5/12/2022 11:57
4710866,5/12/2022 10:35
4710869,5/12/2022 8:53
4711069,5/12/2022 9:39
4716486,5/12/2022 10:00
4718820,5/12/2022 10:50
4718921,5/12/2022 11:05
4725935,5/12/2022 11:09
4732995,5/12/2022 9:07
4735761,5/12/2022 10:21
4737727,5/12/2022 10:14
4738971,5/12/2022 10:28
4739190,5/12/2022 9:46
4752817,5/12/2022 11:34
4757025,5/12/2022 8:21
4760181,5/12/2022 11:19
4760472,5/12/2022 10:22
4760968,5/12/2022 10:56
4766173,5/12/2022 11:45
4768038,5/12/2022 9:03
4772997,5/12/2022 10:39
4773614,5/12/2022 10:14
4776823,5/12/2022 10:57
4777832,5/12/2022 9:16
4782745,5/12/2022 8:01
4783585,5/12/2022 8:37
4783817,5/12/2022 10:59
4784639,5/12/2022 11:27
4787415,5/12/2022 8:25
4803403,5/12/2022 11:02
4808173,5/12/2022 10:24
4808896,5/12/2022 10:27
4809486,5/12/2022 9:35
4809601,5/12/2022 11:02
4811583,5/12/2022 9:49
4814811,5/12/2022 10:17
4814894,5/12/2022 11:04
4820795,5/12/2022 9:18
4824435,5/12/2022 9:44
4824581,5/12/2022 9:02
4824699,5/12/2022 10:20
4825073,5/12/2022 10:42
4825472,5/12/2022 8:55
4831200,5/12/2022 9:43
4832481,5/12/2022 9:15
4833820,5/12/2022 9:17
4841586,5/12/2022 8:22
4848255,5/12/2022 10:03
4854767,5/12/2022 9:08
4856986,5/12/2022 11:30
4857192,5/12/2022 9:04
4862719,5/12/2022 11:50
4863369,5/12/2022 9:51
4863533,5/12/2022 10:45
4868135,5/12/2022 11:08
4869458,5/12/2022 11:03
4871348,5/12/2022 10:25
4872699,5/12/2022 8:04
4879013,5/12/2022 10:29
4887845,5/12/2022 10:44
4892529,5/12/2022 8:22
4903296,5/12/2022 11:47
4906490,5/12/2022 11:25
4909327,5/12/2022 10:49
4910140,5/12/2022 11:59
4916433,5/12/2022 11:01
4922836,5/12/2022 8:00
4933447,5/12/2022 9:18
4936647,5/12/2022 11:19
4940379,5/12/2022 9:27
4940491,5/12/2022 9:05
4941356,5/12/2022 8:58
4943016,5/12/2022 9:06
4947002,5/12/2022 10:23
4948745,5/12/2022 9:25
4950847,5/12/2022 11:45
4951079,5/12/2022 9:10
4951430,5/12/2022 9:57
4968752,5/12/2022 10:02
4973204,5/12/2022 8:50
4988679,5/12/2022 8:19
4993710,5/12/2022 9:33
4995903,5/12/2022 9:57
4996554,5/12/2022 9:54
5002964,5/12/2022 11:54
5006092,5/12/2022 10:39
5014835,5/12/2022 8:49
5015262,5/12/2022 8:16
5019444,5/12/2022 10:00
5020848,5/12/2022 9:44
5020861,5/12/2022 11:18
5021081,5/12/2022 10:58
5021969,5/12/2022 10:37
5022572,5/12/2022 11:27
5029665,5/12/2022 9:58
5030361,5/12/2022 8:18
5031285,5/12/2022 11:52
5031357,5/12/2022 9:59
5031383,5/12/2022 9:16
5036739,5/12/2022 9:46
5040885,5/12/2022 8:47
5041669,5/12/2022 8:06
5042014,5/12/2022 9:15
5047188,5/12/2022 10:00
5048597,5/12/2022 8:46
5051529,5/12/2022 10:19
5052459,5/12/2022 10:32
5056580,5/12/2022 10:28
5057466,5/12/2022 11:01
5058086,5/12/2022 9:35
5058302,5/12/2022 8:23
5059981,5/12/2022 9:38
5060388,5/12/2022 11:14
5061411,5/12/2022 11:46
5061566,5/12/2022 9:27
5062445,5/12/2022 11:36
5067177,5/12/2022 9:55
5069495,5/12/2022 8:10
5078129,5/12/2022 11:55
5078244,5/12/2022 10:46
5078876,5/12/2022 8:29
5096363,5/12/2022 10:05
5102135,5/12/2022 8:16
5104077,5/12/2022 9:47
5104918,5/12/2022 8:30
5123904,5/12/2022 9:38
5126077,5/12/2022 9:53
5126365,5/12/2022 8:18
5126446,5/12/2022 10:54
5127136,5/12/2022 10:29
5128160,5/12/2022 10:05
5143441,5/12/2022 11:47
5160893,5/12/2022 9:41
5163047,5/12/2022 9:02
5164194,5/12/2022 8:01
5164581,5/12/2022 10:08
5174876,5/12/2022 10:53
5175464,5/12/2022 9:37
5175631,5/12/2022 10:33
5183164,5/12/2022 11:15
5183938,5/12/2022 10:01
5192122,5/12/2022 11:07
5194332,5/12/2022 9:52
5195064,5/12/2022 10:04
5201816,5/12/2022 9:33
5204475,5/12/2022 11:49
5205984,5/12/2022 11:35
5213468,5/12/2022 9:25
5218550,5/12/2022 11:08
5219336,5/12/2022 11:09
5228066,5/12/2022 9:47
5229971,5/12/2022 11:51
5236979,5/12/2022 11:47
5240694,5/12/2022 10:47
5241195,5/12/2022 8:50
5241773,5/12/2022 9:48
5242148,5/12/2022 10:22
5242712,5/12/2022 8:10
5249067,5/12/2022 10:58
5249093,5/12/2022 9:02
5252515,5/12/2022 9:02
5252543,5/12/2022 8:54
5252877,5/12/2022 11:57
5259194,5/12/2022 11:30
5261239,5/12/2022 9:05
5262750,5/12/2022 9:03
5270223,5/12/2022 8:38
5270886,5/12/2022 9:59
5272327,5/12/2022 8:16
5277900,5/12/2022 9:10
5278993,5/12/2022 11:14
5286781,5/12/2022 11:50
5289293,5/12/2022 8:29
5297143,5/12/2022 11:26
5299060,5/12/2022 10:40
5304739,5/12/2022 8:56
5306727,5/12/2022 9:16
5308339,5/12/2022 10:23
5308429,5/12/2022 10:36
5308875,5/12/2022 10:10
5309974,5/12/2022 9:00
5310193,5/12/2022 10:26
5310503,5/12/2022 8:33
5315169,5/12/2022 11:06
5319948,5/12/2022 11:44
5324459,5/12/2022 10:08
5325214,5/12/2022 11:15
5325809,5/12/2022 10:50
5328449,5/12/2022 10:19
5330475,5/12/2022 11:59
5336585,5/12/2022 8:52
5337848,5/12/2022 11:55
5340242,5/12/2022 11:11
5352741,5/12/2022 10:57
5353512,5/12/2022 11:08
5362889,5/12/2022 11:23
5364119,5/12/2022 11:11
5364244,5/12/2022 9:19
5364414,5/12/2022 9:38
5364609,5/12/2022 11:05
5365612,5/12/2022 8:49
5372156,5/12/2022 11:42
5376433,5/12/2022 10:22
5383192,5/12/2022 9:27
5386937,5/12/2022 9:27
5395530,5/12/2022 10:36
5397134,5/12/2022 9:05
5402304,5/12/2022 10:44
5403847,5/12/2022 10:51
5405643,5/12/2022 10:18
5407311,5/12/2022 11:44
5413564,5/12/2022 9:08
5415077,5/12/2022 11:16
5422159,5/12/2022 10:44
5422881,5/12/2022 11:09
5423692,5/12/2022 10:24
5424448,5/12/2022 10:48
5433597,5/12/2022 11:11
5444457,5/12/2022 8:45
5446156,5/12/2022 11:33
5446176,5/12/2022 8:13
5446180,5/12/2022 9:04
5446513,5/12/2022 8:16
5457260,5/12/2022 11:38
5458027,5/12/2022 11:36
5459895,5/12/2022 10:10
5463875,5/12/2022 8:15
5470629,5/12/2022 11:12
5470943,5/12/2022 10:52
5471427,5/12/2022 11:01
5473498,5/12/2022 9:19
5479566,5/12/2022 9:52
5482204,5/12/2022 11:13
5487522,5/12/2022 11:41
5487653,5/12/2022 11:53
5487934,5/12/2022 10:32
5489676,5/12/2022 9:15
5495802,5/12/2022 8:01
5499882,5/12/2022 9:53
5500398,5/12/2022 11:17
5500752,5/12/2022 11:24
5510720,5/12/2022 10:26
5524530,5/12/2022 9:03
5524847,5/12/2022 9:53
5525073,5/12/2022 10:36
5534463,5/12/2022 8:44
5537446,5/12/2022 10:26
5537833,5/12/2022 10:32
5538663,5/12/2022 8:29
5538874,5/12/2022 9:04
5548982,5/12/2022 10:35
5549211,5/12/2022 11:39
5559063,5/12/2022 8:32
5559643,5/12/2022 9:33
5562674,5/12/2022 9:06
5563136,5/12/2022 10:16
5578943,5/12/2022 11:03
5579427,5/12/2022 9:08
5580457,5/12/2022 11:34
5580773,5/12/2022 9:41
5593399,5/12/2022 10:10
5593504,5/12/2022 10:13
5593981,5/12/2022 9:06
5602370,5/12/2022 10:53
5607404,5/12/2022 11:28
5615620,5/12/2022 8:10
5618094,5/12/2022 10:27
5619397,5/12/2022 10:30
5620306,5/12/2022 9:12
5620928,5/12/2022 10:44
5625964,5/12/2022 11:06
5630783,5/12/2022 8:10
5632713,5/12/2022 8:25
5633607,5/12/2022 8:00
5637990,5/12/2022 11:29
5639238,5/12/2022 8:33
5640214,5/12/2022 9:41
5640722,5/12/2022 10:11
5643240,5/12/2022 10:20
5648564,5/12/2022 10:45
5651254,5/12/2022 9:24
5652705,5/12/2022 9:29
5660792,5/12/2022 11:28
5670781,5/12/2022 8:34
5671843,5/12/2022 11:52
5673552,5/12/2022 8:59
5680462,5/12/2022 9:37
5682316,5/12/2022 8:19
5683646,5/12/2022 11:08
5683765,5/12/2022 9:32
5685646,5/12/2022 10:33
5685908,5/12/2022 8:51
5686178,5/12/2022 10:55
5686435,5/12/2022 8:55
5691933,5/12/2022 10:21
5695344,5/12/2022 11:09
5695717,5/12/2022 9:50
5705161,5/12/2022 10:44
5707514,5/12/2022 11:36
5719631,5/12/2022 9:23
5728135,5/12/2022 8:37
5728739,5/12/2022 8:44
5736082,5/12/2022 11:44
5738982,5/12/2022 9:08
5744931,5/12/2022 8:59
5749958,5/12/2022 9:40
5751177,5/12/2022 9:03
5759668,5/12/2022 9:24
5760902,5/12/2022 11:52
5761290,5/12/2022 10:14
5766989,5/12/2022 9:21
5781547,5/12/2022 9:59
5784320,5/12/2022 11:10
5787922,5/12/2022 11:22
5792683,5/12/2022 10:22
5793477,5/12/2022 9:29
5804875,5/12/2022 8:33
5805162,5/12/2022 8:05
5805907,5/12/2022 9:08
5813657,5/12/2022 9:40
5814207,5/12/2022 10:51
5825701,5/12/2022 11:55
5834820,5/12/2022 8:06
5838129,5/12/2022 8:50
5847934,5/12/2022 9:45
5848330,5/12/2022 11:21
5848400,5/12/2022 11:29
5852034,5/12/2022 11:07
5859152,5/12/2022 8:22
5862552,5/12/2022 11:40
5863446,5/12/2022 10:26
5863558,5/12/2022 9:38
5873892,5/12/2022 11:30
5874421,5/12/2022 10:27
5882923,5/12/2022 10:37
5892185,5/12/2022 9:10
5893969,5/12/2022 10:03
5900224,5/12/2022 9:48
5902452,5/12/2022 10:29
5905958,5/12/2022 11:20
5913611,5/12/2022 11:17
5918259,5/12/2022 11:21
5919096,5/12/2022 10:46
5927083,5/12/2022 10:30
5930473,5/12/2022 9:04
5930806,5/12/2022 10:44
5931372,5/12/2022 11:20
5932882,5/12/2022 10:48
5941598,5/12/2022 8:11
5946151,5/12/2022 11:00
5946675,5/12/2022 11:45
5948003,5/12/2022 8:42
5950957,5/12/2022 8:16
5956968,5/12/2022 11:22
5957039,5/12/2022 10:02
5958194,5/12/2022 10:51
5958674,5/12/2022 11:52
5959816,5/12/2022 9:15
5968862,5/12/2022 9:47
5969069,5/12/2022 9:23
5969872,5/12/2022 10:28
5977556,5/12/2022 10:49
5978216,5/12/2022 10:23
5978498,5/12/2022 11:42
5981343,5/12/2022 11:17
5989894,5/12/2022 8:02
5991139,5/12/2022 8:45
5991734,5/12/2022 10:13
5992032,5/12/2022 11:00
5992645,5/12/2022 10:04
6002165,5/12/2022 9:06
6004058,5/12/2022 9:52
6004165,5/12/2022 9:26
6005222,5/12/2022 10:32
6005443,5/12/2022 8:53
6007267,5/12/2022 10:43
6018416,5/12/2022 10:48
6019762,5/12/2022 9:13
6020744,5/12/2022 10:19
6022715,5/12/2022 8:27
6032726,5/12/2022 8:57
6033201,5/12/2022 8:07
6043482,5/12/2022 10:45
6044106,5/12/2022 9:18
6065566,5/12/2022 9:01
6066185,5/12/2022 11:50
6066570,5/12/2022 11:08
6073437,5/12/2022 8:22
6074312,5/12/2022 10:26
6076158,5/12/2022 9:43
6077760,5/12/2022 10:46
6078382,5/12/2022 9:33
6079131,5/12/2022 8:08
6079216,5/12/2022 8:20
6087451,5/12/2022 10:34
6091789,5/12/2022 11:48
6093756,5/12/2022 8:17
6101613,5/12/2022 11:30
6103108,5/12/2022 10:26
6105021,5/12/2022 8:17
6106498,5/12/2022 8:32
6107518,5/12/2022 9:44
6107901,5/12/2022 11:03
6108006,5/12/2022 11:58
6108796,5/12/2022 10:30
6115704,5/12/2022 11:24
6115807,5/12/2022 10:14
6117473,5/12/2022 8:35
6118198,5/12/2022 8:46
6118291,5/12/2022 8:03
6118359,5/12/2022 8:06
6119785,5/12/2022 11:44
6119821,5/12/2022 11:27
6120046,5/12/2022 9:24
6127974,5/12/2022 10:23
6130287,5/12/2022 8:00
6131411,5/12/2022 9:00
6133354,5/12/2022 10:10
6133684,5/12/2022 10:33
6134153,5/12/2022 11:08
6134382,5/12/2022 9:25
6153532,5/12/2022 9:01
6154478,5/12/2022 11:32
6156470,5/12/2022 11:27
6165353,5/12/2022 11:59
6166307,5/12/2022 8:47
6168769,5/12/2022 9:43
6168975,5/12/2022 9:46
6169489,5/12/2022 9:00
6179956,5/12/2022 11:00
6182715,5/12/2022 11:11
6183330,5/12/2022 11:31
6183721,5/12/2022 9:30
6185083,5/12/2022 10:21
6186081,5/12/2022 8:06
6187340,5/12/2022 11:42
6187841,5/12/2022 9:00
6202214,5/12/2022 11:19
6202603,5/12/2022 10:13
6209191,5/12/2022 8:49
6210952,5/12/2022 8:32
6211882,5/12/2022 10:28
6214517,5/12/2022 8:29
6214998,5/12/2022 11:44
6215199,5/12/2022 9:40
6215943,5/12/2022 10:56
6216116,5/12/2022 9:11
6218849,5/12/2022 8:04
6222245,5/12/2022 8:48
6226666,5/12/2022 11:54
6228211,5/12/2022 11:34
6228474,5/12/2022 8:26
6228959,5/12/2022 11:19
6239108,5/12/2022 8:15
6239907,5/12/2022 11:51
6240501,5/12/2022 11:31
6245498,5/12/2022 9:20
6246861,5/12/2022 8:42
6248083,5/12/2022 11:42
6249164,5/12/2022 9:17
6249458,5/12/2022 10:18
6249536,5/12/2022 10:57
6250399,5/12/2022 10:36
6262987,5/12/2022 10:02
6263270,5/12/2022 9:17
6272065,5/12/2022 8:45
6274351,5/12/2022 9:07
6276224,5/12/2022 11:10
6278181,5/12/2022 9:55
6278191,5/12/2022 8:47
6278216,5/12/2022 10:25
6278361,5/12/2022 9:53
6278680,5/12/2022 10:30
6278756,5/12/2022 10:46
6288141,5/12/2022 8:45
6289789,5/12/2022 9:27
6290509,5/12/2022 11:30
6291829,5/12/2022 9:12
6292452,5/12/2022 10:32
6304139,5/12/2022 9:00
6305798,5/12/2022 10:47
6315269,5/12/2022 8:57
6315435,5/12/2022 8:35
6315614,5/12/2022 8:54
6316917,5/12/2022 11:11
6316934,5/12/2022 11:22
6317449,5/12/2022 8:28
6325283,5/12/2022 11:27
6325685,5/12/2022 9:42
6327506,5/12/2022 8:28
6327662,5/12/2022 8:39
6328150,5/12/2022 9:19
6328923,5/12/2022 9:14
6335327,5/12/2022 8:03
6337492,5/12/2022 9:58
6342327,5/12/2022 11:56
6343866,5/12/2022 11:54
6344566,5/12/2022 9:22
6348159,5/12/2022 8:37
6349598,5/12/2022 9:54
6350606,5/12/2022 10:51
6358605,5/12/2022 8:39
6360895,5/12/2022 11:48
6361863,5/12/2022 11:14
6362362,5/12/2022 9:38
6362918,5/12/2022 9:18
6363765,5/12/2022 10:59
6363779,5/12/2022 11:41
6364549,5/12/2022 8:06
6364753,5/12/2022 10:48
6370313,5/12/2022 11:56
6370655,5/12/2022 10:02
6375415,5/12/2022 11:10
6376952,5/12/2022 9:14
6378563,5/12/2022 11:54
6386210,5/12/2022 8:29
6387576,5/12/2022 10:09
6389657,5/12/2022 9:46
6390214,5/12/2022 9:03
6392029,5/12/2022 8:08
6400000,5/12/2022 11:34
6400379,5/12/2022 11:10
6401209,5/12/2022 9:54
6403104,5/12/2022 10:18
6403878,5/12/2022 8:40
6404427,5/12/2022 11:06
6411259,5/12/2022 8:26
6411986,5/12/2022 9:35
6412566,5/12/2022 8:51
6412858,5/12/2022 9:33
6416765,5/12/2022 9:13
6421243,5/12/2022 10:19
6423204,5/12/2022 10:56
6423488,5/12/2022 9:40
6424859,5/12/2022 9:31
6424982,5/12/2022 9:35
6425537,5/12/2022 8:01
6425652,5/12/2022 10:27
6425735,5/12/2022 10:28
6426462,5/12/2022 8:07
6436727,5/12/2022 8:16
6436772,5/12/2022 10:00
6436976,5/12/2022 8:42
6438013,5/12/2022 9:27
6438099,5/12/2022 10:20
6438518,5/12/2022 10:04
6445741,5/12/2022 10:58
6445769,5/12/2022 10:14
6448099,5/12/2022 9:43
6451305,5/12/2022 8:17
6452801,5/12/2022 8:04
6452927,5/12/2022 10:38
6453383,5/12/2022 10:16
6466129,5/12/2022 8:39
6466388,5/12/2022 9:11
6474341,5/12/2022 8:46
6475289,5/12/2022 11:10
6477225,5/12/2022 8:40
6479027,5/12/2022 10:29
6481695,5/12/2022 10:25
6481764,5/12/2022 11:07
6482409,5/12/2022 8:04
6482984,5/12/2022 9:14
6489648,5/12/2022 8:09
6490091,5/12/2022 11:37
6490453,5/12/2022 8:48
6492056,5/12/2022 8:36
6492880,5/12/2022 9:29
6494181,5/12/2022 10:25
6495424,5/12/2022 9:55
6512378,5/12/2022 11:27
6512979,5/12/2022 9:38
6514446,5/12/2022 10:22
6515046,5/12/2022 10:45
6516529,5/12/2022 9:57
6516775,5/12/2022 10:25
6517594,5/12/2022 8:07
6523393,5/12/2022 8:50
6528192,5/12/2022 11:15
6528342,5/12/2022 8:53
6537432,5/12/2022 11:35
6543677,5/12/2022 9:19
6543683,5/12/2022 10:57
6545246,5/12/2022 10:48
6545602,5/12/2022 8:32
6545773,5/12/2022 11:10
6546748,5/12/2022 11:52
6554352,5/12/2022 10:15
6555128,5/12/2022 8:00
6555393,5/12/2022 10:55
6557018,5/12/2022 8:08
6557297,5/12/2022 10:51
6557767,5/12/2022 11:23
6558980,5/12/2022 11:30
6561379,5/12/2022 9:39
6561753,5/12/2022 9:56
6561811,5/12/2022 9:02
6562393,5/12/2022 9:33
6567683,5/12/2022 10:57
6569950,5/12/2022 9:28
6572501,5/12/2022 11:32
6575380,5/12/2022 11:50
6575407,5/12/2022 8:39
6576006,5/12/2022 8:35
6576228,5/12/2022 8:54
6577295,5/12/2022 8:58
6577729,5/12/2022 11:45
6578147,5/12/2022 9:25
6584984,5/12/2022 11:22
6586979,5/12/2022 9:25
6587443,5/12/2022 10:47
6590264,5/12/2022 8:20
6591879,5/12/2022 9:16
6591894,5/12/2022 9:59
6592178,5/12/2022 10:39
6592421,5/12/2022 11:27
6599960,5/12/2022 8:52
6603061,5/12/2022 10:17
6603376,5/12/2022 10:11
6610942,5/12/2022 9:57
6612940,5/12/2022 11:32
6613192,5/12/2022 8:59
6613601,5/12/2022 11:02
6621924,5/12/2022 11:58
6623079,5/12/2022 11:04
6626493,5/12/2022 11:02
6627129,5/12/2022 10:14
6627184,5/12/2022 9:31
6627403,5/12/2022 9:11
6629132,5/12/2022 8:53
6629278,5/12/2022 10:25
6629657,5/12/2022 10:41
6637899,5/12/2022 8:24
6644628,5/12/2022 8:13
6644760,5/12/2022 10:35
6644796,5/12/2022 9:17
6644854,5/12/2022 11:59
6646843,5/12/2022 9:06
6646894,5/12/2022 11:49
6646985,5/12/2022 10:50
6647442,5/12/2022 9:24
6652199,5/12/2022 8:50
6655233,5/12/2022 9:58
6657574,5/12/2022 8:51
6658052,5/12/2022 11:57
6659301,5/12/2022 10:41
6660186,5/12/2022 10:47
6661617,5/12/2022 8:51
6662639,5/12/2022 11:34
6670332,5/12/2022 8:32
6671901,5/12/2022 11:52
6674408,5/12/2022 11:23
6675927,5/12/2022 9:30
6676926,5/12/2022 10:06
6678058,5/12/2022 10:24
6686072,5/12/2022 9:35
6687939,5/12/2022 10:36
6689259,5/12/2022 11:29
6690388,5/12/2022 9:24
6691324,5/12/2022 8:53
6691873,5/12/2022 8:26
6694276,5/12/2022 10:08
6701018,5/12/2022 8:29
6704004,5/12/2022 9:01
6704734,5/12/2022 10:17
6705584,5/12/2022 8:20
6706377,5/12/2022 11:31
6707735,5/12/2022 10:21
6714652,5/12/2022 9:45
6714817,5/12/2022 10:49
6716380,5/12/2022 10:03
6716620,5/12/2022 10:46
6716874,5/12/2022 8:56
6717555,5/12/2022 10:16
6724599,5/12/2022 8:22
6727729,5/12/2022 11:10
6727846,5/12/2022 9:07
6728017,5/12/2022 9:56
6728419,5/12/2022 9:03
6729818,5/12/2022 10:51
6734621,5/12/2022 8:01
6740521,5/12/2022 9:24
6741135,5/12/2022 11:14
6741526,5/12/2022 10:27
6744143,5/12/2022 8:11
6746826,5/12/2022 9:28
6747473,5/12/2022 9:38
6748502,5/12/2022 10:02
6750264,5/12/2022 11:03
6750430,5/12/2022 10:25
6752031,5/12/2022 8:14
6759038,5/12/2022 11:18
6759046,5/12/2022 11:42
6759104,5/12/2022 9:31
6761267,5/12/2022 10:49
6762958,5/12/2022 8:24
6764646,5/12/2022 9:58
6765045,5/12/2022 9:58
6765354,5/12/2022 9:22
6766513,5/12/2022 9:54
6766708,5/12/2022 9:10
6768768,5/12/2022 11:15
6769696,5/12/2022 10:30
6773472,5/12/2022 10:28
6776229,5/12/2022 11:08
6779893,5/12/2022 8:38
6780615,5/12/2022 10:35
6780670,5/12/2022 9:48
6781308,5/12/2022 11:39
6782993,5/12/2022 11:34
6783394,5/12/2022 10:41
6793490,5/12/2022 9:29
6794702,5/12/2022 9:32
6795678,5/12/2022 8:59
6796066,5/12/2022 8:14
6796246,5/12/2022 9:25
6796336,5/12/2022 9:41
6797786,5/12/2022 11:08
6801095,5/12/2022 11:15
6807884,5/12/2022 8:14
6807981,5/12/2022 9:55
6808970,5/12/2022 11:29
6810430,5/12/2022 9:38
6811792,5/12/2022 8:37
6812054,5/12/2022 11:56
6812415,5/12/2022 11:58
6813483,5/12/2022 8:45
6813623,5/12/2022 10:49
6821407,5/12/2022 10:05
6822322,5/12/2022 9:54
6823597,5/12/2022 10:28
6823781,5/12/2022 11:18
6823837,5/12/2022 11:54
6824408,5/12/2022 11:05
6831239,5/12/2022 9:34
6832592,5/12/2022 10:36
6835466,5/12/2022 9:22
6836330,5/12/2022 11:18
6837338,5/12/2022 8:14
6837751,5/12/2022 10:59
6837819,5/12/2022 9:37
6838418,5/12/2022 9:06
6847052,5/12/2022 9:11
6848455,5/12/2022 10:08
6850007,5/12/2022 11:27
6852243,5/12/2022 11:30
6852288,5/12/2022 9:52
6854019,5/12/2022 8:32
6854552,5/12/2022 9:37
6855839,5/12/2022 10:46
6856295,5/12/2022 9:40
6864319,5/12/2022 8:47
6865200,5/12/2022 9:51
6865696,5/12/2022 11:07
6867053,5/12/2022 8:57
6868378,5/12/2022 8:53
6870575,5/12/2022 11:27
6872650,5/12/2022 10:46
6881188,5/12/2022 11:42
6882211,5/12/2022 11:13
6882518,5/12/2022 10:03
6883913,5/12/2022 11:29
6884604,5/12/2022 9:47
6884820,5/12/2022 8:17
6886633,5/12/2022 8:11
6888107,5/12/2022 10:50
6895132,5/12/2022 9:54
6897639,5/12/2022 8:11
6901218,5/12/2022 8:46
6902752,5/12/2022 10:34
6907671,5/12/2022 11:33
6908161,5/12/2022 11:06
6911511,5/12/2022 8:51
6913414,5/12/2022 9:26
6913706,5/12/2022 9:24
6915439,5/12/2022 11:52
6915487,5/12/2022 10:55
6916167,5/12/2022 11:20
6921373,5/12/2022 9:49
6923948,5/12/2022 9:11
6925807,5/12/2022 11:24
6926511,5/12/2022 11:44
6927016,5/12/2022 8:13
6934128,5/12/2022 10:28
6935953,5/12/2022 9:01
6937071,5/12/2022 10:21
6937492,5/12/2022 9:31
6938103,5/12/2022 10:58
6938542,5/12/2022 9:42
6939106,5/12/2022 10:24
6939472,5/12/2022 8:44
6941113,5/12/2022 9:53
6949900,5/12/2022 11:28
6951415,5/12/2022 9:43
6954984,5/12/2022 11:07
6956301,5/12/2022 10:58
6956938,5/12/2022 9:16
6958436,5/12/2022 9:57
6958603,5/12/2022 11:21
6959336,5/12/2022 10:55
6961346,5/12/2022 11:58
6968101,5/12/2022 11:05
6971260,5/12/2022 10:37
6973790,5/12/2022 11:01
6975036,5/12/2022 8:49
6977095,5/12/2022 9:21
6990477,5/12/2022 8:07
6990677,5/12/2022 11:58
6990882,5/12/2022 9:17
6991188,5/12/2022 8:00
6992387,5/12/2022 9:34
6992696,5/12/2022 9:03
6993019,5/12/2022 8:05
6993726,5/12/2022 9:56
6993978,5/12/2022 10:30
6994406,5/12/2022 9:15
7003848,5/12/2022 9:48
7005538,5/12/2022 10:35
7007118,5/12/2022 9:56
7007598,5/12/2022 10:01
7009282,5/12/2022 10:01
7011200,5/12/2022 9:31
7011773,5/12/2022 10:43
7013085,5/12/2022 9:33
7018009,5/12/2022 11:45
7021544,5/12/2022 11:55
7021702,5/12/2022 10:36
7021906,5/12/2022 11:18
7024684,5/12/2022 11:36
7025898,5/12/2022 11:24
7026898,5/12/2022 9:51
7027507,5/12/2022 11:31
7035077,5/12/2022 8:17
7035240,5/12/2022 11:35
7035498,5/12/2022 11:27
7036707,5/12/2022 11:25
7037291,5/12/2022 10:41
7037522,5/12/2022 9:25
7038750,5/12/2022 10:42
7039427,5/12/2022 9:07
7048843,5/12/2022 8:58
7050204,5/12/2022 10:41
7050492,5/12/2022 11:07
7050534,5/12/2022 11:44
7054225,5/12/2022 8:01
7064681,5/12/2022 11:00
7066118,5/12/2022 8:28
7067082,5/12/2022 9:15
7067650,5/12/2022 8:11
7069080,5/12/2022 11:57
7069143,5/12/2022 8:13
7070169,5/12/2022 10:33
7071021,5/12/2022 8:35
7071222,5/12/2022 10:21
7071331,5/12/2022 10:37
7072218,5/12/2022 9:31
7073650,5/12/2022 9:21
7074024,5/12/2022 11:11
7075357,5/12/2022 11:07
7075913,5/12/2022 8:45
7075948,5/12/2022 11:04
7077910,5/12/2022 10:46
7087957,5/12/2022 10:09
7089415,5/12/2022 9:14
7091397,5/12/2022 8:41
7093738,5/12/2022 9:45
7093910,5/12/2022 11:27
7093986,5/12/2022 10:27
7095802,5/12/2022 11:51
7096107,5/12/2022 9:08
7096547,5/12/2022 10:22
7109376,5/12/2022 9:12
7109735,5/12/2022 9:23
7110655,5/12/2022 9:08
7110923,5/12/2022 11:26
7116795,5/12/2022 10:03
7118258,5/12/2022 8:45
7127036,5/12/2022 8:26
7128310,5/12/2022 10:38
7131797,5/12/2022 11:15
7134759,5/12/2022 8:29
7149703,5/12/2022 11:26
7151093,5/12/2022 11:07
7151107,5/12/2022 11:53
7151417,5/12/2022 10:35
7151924,5/12/2022 9:08
7153101,5/12/2022 10:10
7161725,5/12/2022 9:07
7161897,5/12/2022 11:34
7162664,5/12/2022 9:56
7163934,5/12/2022 11:26
7177194,5/12/2022 10:09
7178239,5/12/2022 9:27
7178490,5/12/2022 10:53
7179337,5/12/2022 11:14
7179783,5/12/2022 9:07
7180032,5/12/2022 11:55
7182584,5/12/2022 10:20
7198282,5/12/2022 10:33
7201336,5/12/2022 11:07
7202016,5/12/2022 10:51
7203408,5/12/2022 8:25
7203765,5/12/2022 8:52
7204672,5/12/2022 11:34
7205443,5/12/2022 9:26
7207641,5/12/2022 9:27
7208439,5/12/2022 10:01
7217102,5/12/2022 9:47
7219541,5/12/2022 10:10
7219838,5/12/2022 11:05
7221204,5/12/2022 10:57
7222136,5/12/2022 10:11
7226013,5/12/2022 10:36
7227464,5/12/2022 9:32
7228435,5/12/2022 10:48
7228499,5/12/2022 10:39
7229015,5/12/2022 10:20
7229312,5/12/2022 8:29
7229743,5/12/2022 8:06
7235573,5/12/2022 11:30
7239217,5/12/2022 8:28
7241235,5/12/2022 11:32
7241905,5/12/2022 8:31
7243974,5/12/2022 11:58
7245586,5/12/2022 11:36
7245692,5/12/2022 11:09
7247518,5/12/2022 11:34
7247720,5/12/2022 10:31
7247767,5/12/2022 11:53
7249508,5/12/2022 10:44
7249631,5/12/2022 10:30
7256122,5/12/2022 9:35
7258811,5/12/2022 9:40
7262142,5/12/2022 9:44
7262358,5/12/2022 10:27
7263506,5/12/2022 11:35
7264667,5/12/2022 8:05
7266662,5/12/2022 10:51
7274556,5/12/2022 11:19
7275027,5/12/2022 8:41
7275464,5/12/2022 8:37
7278583,5/12/2022 9:22
7279669,5/12/2022 10:17
7291403,5/12/2022 10:13
7302675,5/12/2022 9:51
7305969,5/12/2022 11:12
7308331,5/12/2022 11:37
7308567,5/12/2022 11:17
7311407,5/12/2022 11:30
7322718,5/12/2022 10:23
7324041,5/12/2022 9:41
7324993,5/12/2022 10:40
7325455,5/12/2022 11:03
7326419,5/12/2022 10:07
7327623,5/12/2022 10:28
7329805,5/12/2022 11:52
7329915,5/12/2022 10:39
7331079,5/12/2022 10:35
7332364,5/12/2022 11:58
7335567,5/12/2022 11:42
7343707,5/12/2022 11:49
7344117,5/12/2022 10:37
7347229,5/12/2022 9:58
7348578,5/12/2022 8:07
7349029,5/12/2022 8:49
7349099,5/12/2022 11:45
7350059,5/12/2022 10:22
7350870,5/12/2022 8:34
7350992,5/12/2022 10:43
7353834,5/12/2022 8:51
7360078,5/12/2022 8:07
7362757,5/12/2022 11:56
7363462,5/12/2022 10:00
7363701,5/12/2022 11:11
7363727,5/12/2022 11:07
7364024,5/12/2022 8:34
7364146,5/12/2022 11:30
7368030,5/12/2022 8:53
7368599,5/12/2022 11:08
7368959,5/12/2022 9:36
7381005,5/12/2022 8:35
7381677,5/12/2022 9:21
7382303,5/12/2022 10:37
7382368,5/12/2022 9:54
7386675,5/12/2022 11:09
7387294,5/12/2022 10:53
7388225,5/12/2022 8:33
7388899,5/12/2022 8:55
7389248,5/12/2022 11:00
7389483,5/12/2022 9:25
7389950,5/12/2022 9:25
7390195,5/12/2022 8:15
7391003,5/12/2022 8:11
7396508,5/12/2022 9:17
7396707,5/12/2022 8:00
7397476,5/12/2022 10:59
7400955,5/12/2022 11:12
7401671,5/12/2022 9:10
7401854,5/12/2022 10:55
7402190,5/12/2022 10:57
7402861,5/12/2022 10:23
7403174,5/12/2022 9:33
7404370,5/12/2022 8:37
7405128,5/12/2022 11:48
7411863,5/12/2022 9:32
7415378,5/12/2022 9:48
7417852,5/12/2022 8:59
7418814,5/12/2022 8:31
7420339,5/12/2022 10:23
7420488,5/12/2022 8:48
7420762,5/12/2022 9:34
7421950,5/12/2022 11:13
7421966,5/12/2022 8:37
7429207,5/12/2022 11:56
7430679,5/12/2022 8:13
7430926,5/12/2022 11:18
7431247,5/12/2022 9:28
7434103,5/12/2022 9:51
7435912,5/12/2022 11:33
7437784,5/12/2022 10:43
7438635,5/12/2022 8:03
7439802,5/12/2022 8:03
7440415,5/12/2022 10:42
7441508,5/12/2022 8:25
7451624,5/12/2022 8:37
7452021,5/12/2022 9:16
7454026,5/12/2022 11:19
7455068,5/12/2022 9:02
7455706,5/12/2022 11:33
7459637,5/12/2022 9:36
7459684,5/12/2022 8:38
7462428,5/12/2022 10:15
7462439,5/12/2022 8:52
7471629,5/12/2022 9:08
7480196,5/12/2022 9:19
7480843,5/12/2022 9:03
7481498,5/12/2022 8:34
7483750,5/12/2022 8:49
7492006,5/12/2022 9:40
7492877,5/12/2022 9:50
7496485,5/12/2022 10:26
7499506,5/12/2022 10:12
7500000,5/12/2022 11:46
7500191,5/12/2022 11:54
7500728,5/12/2022 8:38
7500976,5/12/2022 8:15
7501583,5/12/2022 10:47
7501919,5/12/2022 9:30
7502246,5/12/2022 9:49
7506165,5/12/2022 8:26
7510776,5/12/2022 8:33
7513198,5/12/2022 11:47
7513623,5/12/2022 8:53
7514366,5/12/2022 9:55
7517215,5/12/2022 10:06
7517684,5/12/2022 9:52
7518316,5/12/2022 8:14
7518794,5/12/2022 10:27
7527242,5/12/2022 11:36
7529124,5/12/2022 9:17
7531405,5/12/2022 8:47
7533537,5/12/2022 11:03
7533901,5/12/2022 9:52
7534300,5/12/2022 8:04
7534398,5/12/2022 10:40
7534812,5/12/2022 10:22
7535055,5/12/2022 11:09
7536074,5/12/2022 9:38
7536219,5/12/2022 9:57
7543458,5/12/2022 8:23
7544337,5/12/2022 10:42
7547290,5/12/2022 9:21
7547611,5/12/2022 9:25
7550234,5/12/2022 10:28
7557951,5/12/2022 10:14
7559939,5/12/2022 9:21
7561254,5/12/2022 10:41
7561272,5/12/2022 8:02
7561333,5/12/2022 10:50
7562331,5/12/2022 9:51
7562591,5/12/2022 11:00
7563243,5/12/2022 10:42
7564942,5/12/2022 8:27
7574864,5/12/2022 11:11
7577073,5/12/2022 11:21
7579854,5/12/2022 11:07
7580593,5/12/2022 10:19
7581631,5/12/2022 9:07
7581974,5/12/2022 11:21
7584142,5/12/2022 9:07
7585688,5/12/2022 9:57
7596455,5/12/2022 11:41
7596934,5/12/2022 10:52
7597244,5/12/2022 10:57
7598743,5/12/2022 10:39
7601333,5/12/2022 11:35
7601766,5/12/2022 10:28
7603135,5/12/2022 10:57
7603457,5/12/2022 10:57
7604621,5/12/2022 10:14
7614244,5/12/2022 11:06
7615170,5/12/2022 8:42
7616008,5/12/2022 8:23
7616031,5/12/2022 9:28
7616507,5/12/2022 8:56
7618526,5/12/2022 10:13
7618605,5/12/2022 9:55
7619060,5/12/2022 11:40
7619727,5/12/2022 11:41
7620570,5/12/2022 10:39
7627794,5/12/2022 9:26
7630155,5/12/2022 8:00
7634011,5/12/2022 8:28
7635496,5/12/2022 11:48
7635966,5/12/2022 8:06
7636185,5/12/2022 11:04
7638263,5/12/2022 9:20
7638282,5/12/2022 10:39
7638689,5/12/2022 11:59
7646637,5/12/2022 11:28
7647221,5/12/2022 10:39
7648716,5/12/2022 9:58
7649837,5/12/2022 9:16
7650458,5/12/2022 10:25
7651148,5/12/2022 8:57
7651602,5/12/2022 11:39
7651653,5/12/2022 8:41
7651702,5/12/2022 8:44
7653539,5/12/2022 10:18
7660932,5/12/2022 8:47
7661577,5/12/2022 11:01
7662775,5/12/2022 10:58
7664565,5/12/2022 9:14
7664899,5/12/2022 10:53
7665114,5/12/2022 9:31
7665392,5/12/2022 8:04
7665415,5/12/2022 9:52
7666155,5/12/2022 11:06
7667990,5/12/2022 11:20
7674720,5/12/2022 11:38
7676574,5/12/2022 8:01
7678064,5/12/2022 10:48
7678429,5/12/2022 11:39
7678814,5/12/2022 8:52
7679928,5/12/2022 10:19
7680289,5/12/2022 9:37
7680439,5/12/2022 10:52
7680670,5/12/2022 11:34
7685745,5/12/2022 8:47
7692789,5/12/2022 8:06
7695195,5/12/2022 8:08
7697170,5/12/2022 8:45
7697340,5/12/2022 10:04
7698721,5/12/2022 9:48
7698916,5/12/2022 9:19
7699096,5/12/2022 8:10
7699356,5/12/2022 9:13
7699495,5/12/2022 9:47
7701014,5/12/2022 8:33
7710713,5/12/2022 10:12
7713043,5/12/2022 10:54
7714294,5/12/2022 11:58
7714585,5/12/2022 10:00
7717478,5/12/2022 8:50
7717653,5/12/2022 11:13
7717813,5/12/2022 8:29
7718139,5/12/2022 11:08
7718203,5/12/2022 9:41
7724630,5/12/2022 9:06
7725597,5/12/2022 9:45
7727428,5/12/2022 10:33
7731836,5/12/2022 11:09
7732071,5/12/2022 9:33
7733192,5/12/2022 8:29
7735100,5/12/2022 11:41
7735282,5/12/2022 11:34
7735313,5/12/2022 11:33
7735464,5/12/2022 9:15
7742525,5/12/2022 11:21
7743727,5/12/2022 10:25
7745016,5/12/2022 9:47
7745196,5/12/2022 8:59
7746170,5/12/2022 9:54
7748349,5/12/2022 10:19
7748778,5/12/2022 11:06
7748866,5/12/2022 10:03
7748905,5/12/2022 9:33
7750477,5/12/2022 8:15
7756839,5/12/2022 9:39
7760836,5/12/2022 11:59
7761509,5/12/2022 9:33
7762347,5/12/2022 11:19
7763298,5/12/2022 8:35
7763613,5/12/2022 8:27
7763878,5/12/2022 10:31
7768727,5/12/2022 9:17
7771531,5/12/2022 10:20
7772661,5/12/2022 10:02
7773668,5/12/2022 11:28
7773851,5/12/2022 11:20
7775167,5/12/2022 10:56
7775663,5/12/2022 11:08
7776701,5/12/2022 9:35
7777219,5/12/2022 9:43
7777381,5/12/2022 10:26
7784802,5/12/2022 8:07
7788695,5/12/2022 11:38
7789264,5/12/2022 9:14
7789438,5/12/2022 8:59
7791010,5/12/2022 8:07
7798575,5/12/2022 8:52
7800143,5/12/2022 9:21
7800238,5/12/2022 9:52
7802149,5/12/2022 10:07
7802266,5/12/2022 10:59
7803176,5/12/2022 10:48
7805332,5/12/2022 8:45
7805491,5/12/2022 8:12
7806698,5/12/2022 11:42
7807087,5/12/2022 11:10
7807090,5/12/2022 10:15
7807169,5/12/2022 11:36
7807658,5/12/2022 9:45
7808495,5/12/2022 10:27
7809455,5/12/2022 9:07
7809494,5/12/2022 11:40
7809595,5/12/2022 10:56
7809718,5/12/2022 9:19
7821003,5/12/2022 10:27
7821351,5/12/2022 9:49
7823973,5/12/2022 11:00
7824426,5/12/2022 9:18
7824870,5/12/2022 11:38
7824929,5/12/2022 9:51
7826447,5/12/2022 11:06
7826541,5/12/2022 8:55
7826593,5/12/2022 10:30
7828222,5/12/2022 11:11
7828509,5/12/2022 11:46
7833113,5/12/2022 11:29
7836953,5/12/2022 8:25
7838294,5/12/2022 10:39
7839535,5/12/2022 11:28
7839723,5/12/2022 8:31
7840228,5/12/2022 9:46
7843145,5/12/2022 10:58
7843837,5/12/2022 9:04
7843995,5/12/2022 11:43
7844444,5/12/2022 11:30
7853358,5/12/2022 10:55
7853498,5/12/2022 9:43
7857241,5/12/2022 9:12
7858454,5/12/2022 10:47
7859906,5/12/2022 10:33
7859909,5/12/2022 8:51
7860710,5/12/2022 8:37
7860837,5/12/2022 9:36
7869223,5/12/2022 8:21
7870538,5/12/2022 9:55
7871807,5/12/2022 10:54
7871885,5/12/2022 9:33
7872818,5/12/2022 8:31
7872980,5/12/2022 9:27
7873208,5/12/2022 10:40
7873345,5/12/2022 9:42
7873789,5/12/2022 10:29
7874053,5/12/2022 8:54
7875887,5/12/2022 10:43
7881802,5/12/2022 8:10
7883181,5/12/2022 9:49
7884782,5/12/2022 11:01
7885859,5/12/2022 8:12
7886656,5/12/2022 10:58
7887651,5/12/2022 9:58
7900056,5/12/2022 11:26
7900497,5/12/2022 10:23
7901318,5/12/2022 9:05
7901725,5/12/2022 9:26
7902068,5/12/2022 10:16
7902137,5/12/2022 11:54
7902229,5/12/2022 9:17
7902268,5/12/2022 11:30
7902330,5/12/2022 10:44
7902382,5/12/2022 11:11
7902569,5/12/2022 8:23
7914021,5/12/2022 8:31
7915432,5/12/2022 11:47
7916754,5/12/2022 10:17
7917700,5/12/2022 9:08
7917718,5/12/2022 8:16
7920539,5/12/2022 8:43
7921278,5/12/2022 8:10
7921289,5/12/2022 8:53
7921453,5/12/2022 8:23
7922013,5/12/2022 10:55
7922063,5/12/2022 8:49
7922197,5/12/2022 11:19
7922373,5/12/2022 8:20
7922581,5/12/2022 8:31
7922663,5/12/2022 10:38
7922676,5/12/2022 8:39
7931111,5/12/2022 10:50
7931386,5/12/2022 10:51
7932696,5/12/2022 9:35
7934356,5/12/2022 11:35
7934963,5/12/2022 10:39
7935437,5/12/2022 10:45
7936712,5/12/2022 10:21
7936877,5/12/2022 8:35
7938153,5/12/2022 10:42
7938941,5/12/2022 8:12
7939058,5/12/2022 11:49
7940358,5/12/2022 8:25
7941079,5/12/2022 8:18
7948034,5/12/2022 10:12
7949448,5/12/2022 11:12
7952032,5/12/2022 9:45
7952930,5/12/2022 8:49
7953211,5/12/2022 9:17
7954781,5/12/2022 10:48
7956227,5/12/2022 10:51
7956337,5/12/2022 9:37
7957689,5/12/2022 10:42
7957729,5/12/2022 11:14
7957904,5/12/2022 9:14
7965184,5/12/2022 9:33
7967844,5/12/2022 10:01
7968548,5/12/2022 9:30
7969698,5/12/2022 11:50
7970663,5/12/2022 11:57
7971334,5/12/2022 10:14
7971395,5/12/2022 8:42
7974112,5/12/2022 9:54
7975026,5/12/2022 11:27
7984550,5/12/2022 10:39
7984738,5/12/2022 10:31
7985714,5/12/2022 9:13
7987836,5/12/2022 8:25
7987846,5/12/2022 11:02
7988300,5/12/2022 8:33
7988337,5/12/2022 11:32
7988436,5/12/2022 9:18
7988792,5/12/2022 8:53
7995944,5/12/2022 11:15
7999692,5/12/2022 9:42
7999972,5/12/2022 11:41
8000037,5/12/2022 8:53
8002965,5/12/2022 10:01
8006745,5/12/2022 8:56
8009814,5/12/2022 9:05
8012443,5/12/2022 9:32
8014547,5/12/2022 8:09
8015531,5/12/2022 10:34
8016309,5/12/2022 10:14
8016481,5/12/2022 9:10
8016610,5/12/2022 8:34
8016646,5/12/2022 11:14
8017832,5/12/2022 10:48
8027776,5/12/2022 11:30
8028801,5/12/2022 9:39
8029177,5/12/2022 10:20
8033438,5/12/2022 9:04
8034871,5/12/2022 11:22
8035212,5/12/2022 10:27
8036620,5/12/2022 8:59
8036985,5/12/2022 10:14
8046691,5/12/2022 8:42
8047522,5/12/2022 11:34
8048333,5/12/2022 10:47
8049470,5/12/2022 10:23
8050232,5/12/2022 8:58
8050642,5/12/2022 10:05
8051134,5/12/2022 8:40
8052307,5/12/2022 9:56
8052542,5/12/2022 8:52
8053049,5/12/2022 11:12
8053128,5/12/2022 11:11
8053396,5/12/2022 10:59
8053554,5/12/2022 8:37
8053921,5/12/2022 8:56
8053990,5/12/2022 9:01
8054518,5/12/2022 11:33
8054892,5/12/2022 10:02
8054902,5/12/2022 11:27
8061699,5/12/2022 9:45
8064351,5/12/2022 11:03
8065531,5/12/2022 10:21
8065715,5/12/2022 10:19
8066883,5/12/2022 11:30
8067001,5/12/2022 11:08
8067053,5/12/2022 11:59
8067827,5/12/2022 11:16
8068232,5/12/2022 10:21
8069192,5/12/2022 10:28
8072850,5/12/2022 10:26
8072907,5/12/2022 8:36
8072920,5/12/2022 10:04
8080939,5/12/2022 11:44
8081658,5/12/2022 8:33
8082659,5/12/2022 8:09
8083242,5/12/2022 11:17
8086294,5/12/2022 10:30
8087037,5/12/2022 8:54
8088447,5/12/2022 9:46
8089214,5/12/2022 11:05
8089781,5/12/2022 8:33
8090541,5/12/2022 8:41
8091417,5/12/2022 11:06
8093529,5/12/2022 8:00
8094338,5/12/2022 9:39
8095168,5/12/2022 11:38
8097708,5/12/2022 11:34
8098383,5/12/2022 9:14
8099917,5/12/2022 11:40
8100190,5/12/2022 9:52
8101251,5/12/2022 10:25
8101791,5/12/2022 11:02
8101950,5/12/2022 11:50
8102064,5/12/2022 11:40
8102349,5/12/2022 9:57
8103365,5/12/2022 9:36
8103432,5/12/2022 8:54
8104742,5/12/2022 9:05
8105221,5/12/2022 10:33
8105351,5/12/2022 9:26
8106263,5/12/2022 9:02
8106277,5/12/2022 10:13
8107555,5/12/2022 10:20
8116395,5/12/2022 11:53
8116504,5/12/2022 8:51
8117705,5/12/2022 8:28
8118110,5/12/2022 8:28
8118346,5/12/2022 10:56
8119192,5/12/2022 9:16
8129537,5/12/2022 10:44
8129676,5/12/2022 10:52
8130015,5/12/2022 11:51
8131762,5/12/2022 10:07
8131881,5/12/2022 8:33
8132007,5/12/2022 8:02
8132347,5/12/2022 11:43
8136553,5/12/2022 10:35
8147215,5/12/2022 10:51
8147986,5/12/2022 8:02
8150045,5/12/2022 8:30
8150145,5/12/2022 8:29
8150395,5/12/2022 8:13
8152191,5/12/2022 8:37
8152764,5/12/2022 8:03
8153673,5/12/2022 11:28
8154238,5/12/2022 11:13
8155580,5/12/2022 11:05
8155710,5/12/2022 11:49
8156764,5/12/2022 11:41
8156860,5/12/2022 8:07
8156894,5/12/2022 10:54
8157486,5/12/2022 11:42
8168476,5/12/2022 10:00
8168876,5/12/2022 9:48
8170683,5/12/2022 9:10
8171726,5/12/2022 11:08
8173487,5/12/2022 10:15
8173825,5/12/2022 10:30
8174285,5/12/2022 9:40
8174389,5/12/2022 9:30
8174626,5/12/2022 11:42
8174943,5/12/2022 10:26
8186781,5/12/2022 11:14
8187537,5/12/2022 10:28
8187592,5/12/2022 11:31
8193054,5/12/2022 8:14
8193241,5/12/2022 9:41
8193332,5/12/2022 10:20
8193516,5/12/2022 9:26
8194164,5/12/2022 8:53
8194286,5/12/2022 9:44
8194782,5/12/2022 8:56
8194886,5/12/2022 8:13
8195348,5/12/2022 8:02
8195629,5/12/2022 9:53
8196883,5/12/2022 10:15
8207848,5/12/2022 11:15
8207987,5/12/2022 11:19
8209686,5/12/2022 10:47
8212190,5/12/2022 11:23
8212989,5/12/2022 8:06
8221520,5/12/2022 11:27
8225635,5/12/2022 9:49
8227038,5/12/2022 8:22
8227710,5/12/2022 10:50
8233110,5/12/2022 9:47
8236094,5/12/2022 9:39
8240758,5/12/2022 8:10
8241019,5/12/2022 8:09
8242212,5/12/2022 8:00
8248970,5/12/2022 8:52
8251213,5/12/2022 8:54
8253456,5/12/2022 9:32
8253758,5/12/2022 8:22
8253955,5/12/2022 8:10
8255196,5/12/2022 10:37
8255615,5/12/2022 9:20
8257837,5/12/2022 9:36
8267620,5/12/2022 11:05
8273031,5/12/2022 10:10
8273948,5/12/2022 11:10
8276416,5/12/2022 9:26
8286095,5/12/2022 11:40
8289871,5/12/2022 11:10
8292326,5/12/2022 10:20
8293287,5/12/2022 10:13
8294379,5/12/2022 8:56
8296857,5/12/2022 9:00
8301680,5/12/2022 8:40
8306501,5/12/2022 9:10
8306581,5/12/2022 11:50
8306646,5/12/2022 11:13
8307502,5/12/2022 11:24
8308316,5/12/2022 11:53
8308353,5/12/2022 10:16
8308386,5/12/2022 11:04
8310249,5/12/2022 11:02
8310398,5/12/2022 10:55
8310576,5/12/2022 9:04
8311242,5/12/2022 10:50
8322107,5/12/2022 8:09
8326413,5/12/2022 10:05
8326940,5/12/2022 11:16
8327083,5/12/2022 11:33
8327124,5/12/2022 9:22
8327765,5/12/2022 8:23
8338155,5/12/2022 8:18
8338849,5/12/2022 10:43
8339303,5/12/2022 10:49
8339428,5/12/2022 8:31
8339580,5/12/2022 8:11
8340819,5/12/2022 10:51
8340841,5/12/2022 10:32
8341720,5/12/2022 10:44
8342429,5/12/2022 11:23
8342968,5/12/2022 10:33
8350401,5/12/2022 11:13
8354452,5/12/2022 9:50
8355276,5/12/2022 10:37
8356608,5/12/2022 9:32
8365938,5/12/2022 10:14
8369321,5/12/2022 10:19
8371720,5/12/2022 11:07
8372038,5/12/2022 10:22
8372562,5/12/2022 8:49
8373664,5/12/2022 8:01
8373832,5/12/2022 11:26
8374102,5/12/2022 10:03
8379081,5/12/2022 8:07
8385444,5/12/2022 8:43
8385687,5/12/2022 8:53
8387068,5/12/2022 11:01
8389809,5/12/2022 8:37
8391954,5/12/2022 8:03
8392661,5/12/2022 10:53
8392801,5/12/2022 10:41
8402434,5/12/2022 8:33
8409695,5/12/2022 9:42
8409750,5/12/2022 9:35
8409773,5/12/2022 9:09
8409926,5/12/2022 8:14
8409941,5/12/2022 9:54
8409949,5/12/2022 11:40
8409962,5/12/2022 11:45
8409969,5/12/2022 9:03
8409975,5/12/2022 10:05
8411627,5/12/2022 9:53
8411663,5/12/2022 10:06
8412143,5/12/2022 9:14
8418650,5/12/2022 9:40
8423118,5/12/2022 8:20
8424532,5/12/2022 8:44
8425013,5/12/2022 9:29
8426749,5/12/2022 9:01
8426827,5/12/2022 11:26
8427227,5/12/2022 11:16
8427254,5/12/2022 9:36
8428825,5/12/2022 10:21
8431178,5/12/2022 8:02
8441263,5/12/2022 8:35
8441477,5/12/2022 8:00
8443258,5/12/2022 10:32
8443952,5/12/2022 10:10
8446120,5/12/2022 11:48
8446347,5/12/2022 9:26
8446541,5/12/2022 8:23
8446689,5/12/2022 9:35
8446766,5/12/2022 10:30
8453633,5/12/2022 9:28
8455865,5/12/2022 10:03
8457402,5/12/2022 8:33
8459215,5/12/2022 8:46
8463726,5/12/2022 9:24
8472954,5/12/2022 8:04
8473056,5/12/2022 9:56
8473625,5/12/2022 8:50
8474253,5/12/2022 10:20
8474294,5/12/2022 11:19
8474584,5/12/2022 8:05
8474605,5/12/2022 11:29
8483477,5/12/2022 9:23
8483744,5/12/2022 10:23
8484705,5/12/2022 9:53
8487843,5/12/2022 8:17
8501705,5/12/2022 10:05
8501721,5/12/2022 9:55
8503556,5/12/2022 11:12
8503720,5/12/2022 11:45
8505421,5/12/2022 11:58
8505940,5/12/2022 10:00
8507062,5/12/2022 8:27
8507873,5/12/2022 11:03
8508223,5/12/2022 10:41
8508341,5/12/2022 9:40
8515408,5/12/2022 10:34
8517235,5/12/2022 9:41
8517602,5/12/2022 9:29
8518308,5/12/2022 9:14
8524349,5/12/2022 8:16
8524565,5/12/2022 10:27
8525338,5/12/2022 10:24
8525825,5/12/2022 11:50
8533375,5/12/2022 11:02
8535897,5/12/2022 11:16
8536441,5/12/2022 10:11
8537192,5/12/2022 9:57
8538420,5/12/2022 9:15
8538630,5/12/2022 10:53
8541389,5/12/2022 9:41
8551871,5/12/2022 8:11
8553556,5/12/2022 8:23
8555098,5/12/2022 9:08
8555304,5/12/2022 8:16
8555794,5/12/2022 8:33
8556103,5/12/2022 10:54
8556665,5/12/2022 10:37
8559462,5/12/2022 11:01
8562314,5/12/2022 8:52
8566242,5/12/2022 9:24
8566475,5/12/2022 10:30
8566501,5/12/2022 9:41
8567933,5/12/2022 11:37
8568567,5/12/2022 10:55
8570596,5/12/2022 11:59
8571518,5/12/2022 8:53
8575663,5/12/2022 8:04
8578023,5/12/2022 8:21
8578490,5/12/2022 11:01
8579782,5/12/2022 9:40
8583457,5/12/2022 11:15
8594059,5/12/2022 11:31
8594406,5/12/2022 11:17
8594717,5/12/2022 8:05
8596938,5/12/2022 8:14
8597687,5/12/2022 8:48
8597800,5/12/2022 8:10
8605841,5/12/2022 9:37
8606766,5/12/2022 10:24
8608233,5/12/2022 10:00
8608414,5/12/2022 10:58
8608525,5/12/2022 9:37
8611952,5/12/2022 11:38
8612922,5/12/2022 10:35
8613792,5/12/2022 9:29
8616488,5/12/2022 9:37
8616606,5/12/2022 8:06
8617043,5/12/2022 11:16
8617171,5/12/2022 8:22
8626068,5/12/2022 9:04
8627921,5/12/2022 11:54
8631419,5/12/2022 11:34
8632651,5/12/2022 10:37
8633733,5/12/2022 11:55
8634897,5/12/2022 11:48
8637174,5/12/2022 10:41
8643209,5/12/2022 9:53
8645226,5/12/2022 9:21
8652185,5/12/2022 11:04
8653722,5/12/2022 8:09
8653843,5/12/2022 9:19
8666707,5/12/2022 10:26
8668073,5/12/2022 11:37
8668410,5/12/2022 8:56
8670079,5/12/2022 8:26
8670484,5/12/2022 11:41
8673979,5/12/2022 8:46
8674765,5/12/2022 9:52
8683011,5/12/2022 10:55
8684315,5/12/2022 11:27
8687716,5/12/2022 10:36
8687967,5/12/2022 11:14
8689375,5/12/2022 11:46
8690491,5/12/2022 9:51
8691263,5/12/2022 11:14
8699046,5/12/2022 9:22
8703208,5/12/2022 9:14
8703557,5/12/2022 11:18
8704438,5/12/2022 11:59
8704931,5/12/2022 9:16
8704964,5/12/2022 11:15
8714974,5/12/2022 9:34
8715320,5/12/2022 10:32
8717068,5/12/2022 11:19
8717758,5/12/2022 10:58
8718936,5/12/2022 9:19
8722230,5/12/2022 10:57
8723086,5/12/2022 11:51
8724134,5/12/2022 9:30
8734809,5/12/2022 10:55
8735996,5/12/2022 11:46
8737284,5/12/2022 11:10
8741711,5/12/2022 10:11
8742753,5/12/2022 8:55
8743202,5/12/2022 9:41
8754180,5/12/2022 11:32
8755479,5/12/2022 8:13
8755762,5/12/2022 11:18
8759443,5/12/2022 9:08
8764748,5/12/2022 8:41
8765219,5/12/2022 11:54
8766231,5/12/2022 11:12
8774504,5/12/2022 8:50
8779676,5/12/2022 8:28
8780704,5/12/2022 10:41
8782852,5/12/2022 11:42
8783900,5/12/2022 9:12
8784239,5/12/2022 9:24
8785768,5/12/2022 8:28
8799162,5/12/2022 11:33
8799588,5/12/2022 11:47
8799909,5/12/2022 11:26
8805211,5/12/2022 9:28
8811781,5/12/2022 8:36
8811945,5/12/2022 11:58
8812578,5/12/2022 10:43
8814555,5/12/2022 11:19
8814802,5/12/2022 10:28
8815061,5/12/2022 11:05
8815638,5/12/2022 9:40
8817033,5/12/2022 9:48
8817038,5/12/2022 9:46
8820414,5/12/2022 8:15
8828781,5/12/2022 11:02
8829089,5/12/2022 9:30
8829156,5/12/2022 11:30
8829472,5/12/2022 9:31
8829474,5/12/2022 11:15
8831088,5/12/2022 9:46
8842808,5/12/2022 10:38
8843162,5/12/2022 8:01
8845144,5/12/2022 10:57
8845310,5/12/2022 11:18
8847108,5/12/2022 9:42
8847951,5/12/2022 8:23
8847979,5/12/2022 10:18
8848403,5/12/2022 10:50
8848854,5/12/2022 11:58
8849095,5/12/2022 11:45
8849407,5/12/2022 8:38
8849596,5/12/2022 10:59
8859380,5/12/2022 11:53
8863714,5/12/2022 9:41
8865006,5/12/2022 9:01
8866331,5/12/2022 9:21
8866927,5/12/2022 8:13
8866960,5/12/2022 10:39
8868025,5/12/2022 11:04
8868833,5/12/2022 8:30
8869027,5/12/2022 8:18
8869680,5/12/2022 11:01
8870139,5/12/2022 9:19
8882345,5/12/2022 8:36
8884826,5/12/2022 10:15
8886847,5/12/2022 9:59
8889257,5/12/2022 11:05
8890682,5/12/2022 8:35
8891577,5/12/2022 10:45
8901863,5/12/2022 11:23
8902327,5/12/2022 10:46
8902887,5/12/2022 8:29
8904748,5/12/2022 9:26
8904766,5/12/2022 9:49
8907548,5/12/2022 8:11
8919070,5/12/2022 10:24
8919372,5/12/2022 8:02
8921924,5/12/2022 11:00
8922153,5/12/2022 10:53
8922554,5/12/2022 10:15
8923774,5/12/2022 8:53
8924032,5/12/2022 11:49
8925878,5/12/2022 10:19
8926060,5/12/2022 8:57
8926188,5/12/2022 9:20
8934054,5/12/2022 11:11
8939306,5/12/2022 11:00
8939433,5/12/2022 10:41
8939503,5/12/2022 9:38
8939595,5/12/2022 9:57
8939687,5/12/2022 9:35
8939736,5/12/2022 9:08
8941768,5/12/2022 9:29
8942678,5/12/2022 9:38
8943380,5/12/2022 11:29
8943821,5/12/2022 8:26
8952253,5/12/2022 11:14
8953255,5/12/2022 10:04
8953857,5/12/2022 8:55
8955477,5/12/2022 11:16
8956628,5/12/2022 9:13
8956631,5/12/2022 9:10
8957312,5/12/2022 10:16
8958290,5/12/2022 8:29
8967776,5/12/2022 8:37
8968494,5/12/2022 8:33
8968925,5/12/2022 11:05
8969737,5/12/2022 11:06
8976178,5/12/2022 9:39
8984454,5/12/2022 8:50
8988178,5/12/2022 10:58
8988281,5/12/2022 8:10
8989807,5/12/2022 8:57
8995844,5/12/2022 9:04
9011350,5/12/2022 9:55
9012948,5/12/2022 9:05
9013210,5/12/2022 9:22
9013441,5/12/2022 9:17
9014572,5/12/2022 9:01
9015088,5/12/2022 9:37
9016362,5/12/2022 9:43
9023202,5/12/2022 11:07
9024838,5/12/2022 11:57
9025039,5/12/2022 11:30
9028315,5/12/2022 8:48
9028447,5/12/2022 8:55
9030406,5/12/2022 8:15
9030929,5/12/2022 9:40
9031119,5/12/2022 10:28
9033154,5/12/2022 11:24
9034515,5/12/2022 10:27
9048029,5/12/2022 10:54
9048584,5/12/2022 8:07
9050781,5/12/2022 8:51
9061048,5/12/2022 11:28
9061439,5/12/2022 10:11
9061868,5/12/2022 10:49
9063355,5/12/2022 10:01
9067268,5/12/2022 10:45
9068366,5/12/2022 10:38
9068419,5/12/2022 10:53
9074837,5/12/2022 9:27
9075558,5/12/2022 9:14
9075656,5/12/2022 8:03
9076287,5/12/2022 9:47
9078843,5/12/2022 9:53
9089308,5/12/2022 8:52
9091301,5/12/2022 9:45
9094366,5/12/2022 11:41
9094836,5/12/2022 8:36
9094872,5/12/2022 8:02
9095510,5/12/2022 9:56
9095668,5/12/2022 8:08
9096972,5/12/2022 10:04
9097503,5/12/2022 11:40
9097754,5/12/2022 8:10
9098059,5/12/2022 11:18
9098494,5/12/2022 8:33
9109293,5/12/2022 9:42
9110410,5/12/2022 8:00
9110560,5/12/2022 11:21
9110730,5/12/2022 8:21
9116815,5/12/2022 10:28
9117301,5/12/2022 10:50
9117633,5/12/2022 10:20
9118240,5/12/2022 9:00
9133711,5/12/2022 10:37
9134193,5/12/2022 11:52
9134196,5/12/2022 10:15
9136499,5/12/2022 10:14
9137075,5/12/2022 9:24
9137259,5/12/2022 10:37
9137335,5/12/2022 8:27
9137398,5/12/2022 10:34
9137469,5/12/2022 9:31
9137487,5/12/2022 8:18
9137899,5/12/2022 11:31
9138392,5/12/2022 9:19
9138600,5/12/2022 11:18
9138923,5/12/2022 10:33
9149612,5/12/2022 8:46
9151374,5/12/2022 8:50
9151865,5/12/2022 10:06
9153365,5/12/2022 9:30
9154294,5/12/2022 10:52
9154462,5/12/2022 10:40
9155422,5/12/2022 10:39
9156273,5/12/2022 8:40
9157232,5/12/2022 11:00
9158383,5/12/2022 8:16
9159975,5/12/2022 11:52
9167786,5/12/2022 9:35
9168049,5/12/2022 8:04
9169270,5/12/2022 11:01
9170870,5/12/2022 8:50
9171373,5/12/2022 11:54
9174327,5/12/2022 11:57
9174507,5/12/2022 10:53
9183380,5/12/2022 9:36
9183838,5/12/2022 9:19
9186256,5/12/2022 10:59
9186481,5/12/2022 8:19
9186681,5/12/2022 10:19
9189391,5/12/2022 8:47
9196007,5/12/2022 8:14
9199082,5/12/2022 9:26
9199982,5/12/2022 9:13
9201292,5/12/2022 10:06
9202380,5/12/2022 9:13
9210978,5/12/2022 11:20
9215782,5/12/2022 10:17
9216874,5/12/2022 11:24
9217030,5/12/2022 10:29
9217150,5/12/2022 11:04
9217337,5/12/2022 10:21
9217446,5/12/2022 9:29
9218403,5/12/2022 10:11
9219567,5/12/2022 9:58
9220485,5/12/2022 8:06
9229043,5/12/2022 11:20
9233533,5/12/2022 11:06
9236814,5/12/2022 9:56
9236961,5/12/2022 11:43
9237535,5/12/2022 9:07
9238818,5/12/2022 9:02
9240289,5/12/2022 9:19
9241055,5/12/2022 9:27
9252998,5/12/2022 8:48
9254900,5/12/2022 11:41
9256702,5/12/2022 9:35
9258305,5/12/2022 8:55
9258513,5/12/2022 10:22
9258687,5/12/2022 8:43
9262389,5/12/2022 10:24
9263252,5/12/2022 10:02
9280767,5/12/2022 10:17
9281758,5/12/2022 9:31
9282348,5/12/2022 11:38
9282409,5/12/2022 8:29
9288840,5/12/2022 10:08
9292039,5/12/2022 11:13
9294683,5/12/2022 9:10
9294832,5/12/2022 8:23
9296887,5/12/2022 9:28
9298045,5/12/2022 10:27
9299824,5/12/2022 11:42
9300972,5/12/2022 8:53
9303530,5/12/2022 11:02
9304465,5/12/2022 9:59
9311687,5/12/2022 9:26
9313974,5/12/2022 10:53
9314106,5/12/2022 10:58
9316009,5/12/2022 10:36
9316399,5/12/2022 10:05
9317101,5/12/2022 11:45
9318440,5/12/2022 8:15
9318524,5/12/2022 11:18
9318853,5/12/2022 10:59
9319891,5/12/2022 8:08
9327585,5/12/2022 11:04
9328278,5/12/2022 10:40
9328692,5/12/2022 10:49
9329068,5/12/2022 9:32
9330174,5/12/2022 11:46
9331145,5/12/2022 8:13
9331449,5/12/2022 11:16
9332620,5/12/2022 10:49
9342299,5/12/2022 9:13
9345786,5/12/2022 11:17
9347157,5/12/2022 9:43
9348375,5/12/2022 11:02
9351911,5/12/2022 11:04
9352620,5/12/2022 11:47
9352778,5/12/2022 10:41
9362082,5/12/2022 10:56
9364220,5/12/2022 9:14
9364302,5/12/2022 9:28
9367465,5/12/2022 11:57
9368342,5/12/2022 10:37
9368517,5/12/2022 9:17
9368573,5/12/2022 10:15
9368677,5/12/2022 10:00
9368950,5/12/2022 11:03
9369481,5/12/2022 9:17
9370007,5/12/2022 9:15
9370738,5/12/2022 8:54
9370866,5/12/2022 9:37
9371895,5/12/2022 8:47
9373607,5/12/2022 11:40
9374358,5/12/2022 10:30
9374365,5/12/2022 11:38
9386179,5/12/2022 11:59
9386509,5/12/2022 11:45
9387189,5/12/2022 9:39
9389755,5/12/2022 8:54
9394485,5/12/2022 11:00
9394508,5/12/2022 8:28
9395217,5/12/2022 11:26
9407255,5/12/2022 10:01
9407989,5/12/2022 9:36
9408991,5/12/2022 9:41
9409233,5/12/2022 9:00
9410043,5/12/2022 11:17
9410128,5/12/2022 8:09
9410302,5/12/2022 8:06
9411935,5/12/2022 8:21
9414303,5/12/2022 8:15
9415562,5/12/2022 10:19
9416373,5/12/2022 11:29
9416551,5/12/2022 8:38
9426058,5/12/2022 9:58
9429399,5/12/2022 10:26
9432322,5/12/2022 10:08
9432497,5/12/2022 9:17
9435279,5/12/2022 11:25
9435483,5/12/2022 8:56
9436832,5/12/2022 8:11
9444769,5/12/2022 8:40
9448215,5/12/2022 8:22
9448719,5/12/2022 8:17
9449062,5/12/2022 11:25
9449437,5/12/2022 11:05
9457328,5/12/2022 10:10
9460991,5/12/2022 10:49
9462315,5/12/2022 8:49
9463491,5/12/2022 9:03
9463729,5/12/2022 11:03
9465815,5/12/2022 10:02
9473312,5/12/2022 8:15
9473967,5/12/2022 9:54
9474025,5/12/2022 11:53
9475641,5/12/2022 9:19
9476826,5/12/2022 9:44
9477204,5/12/2022 8:18
9477539,5/12/2022 11:56
9480029,5/12/2022 9:52
9484823,5/12/2022 10:57
9489310,5/12/2022 10:27
9490093,5/12/2022 10:45
9492036,5/12/2022 10:06
9492873,5/12/2022 8:17
9494415,5/12/2022 8:26
9494623,5/12/2022 9:47
9494946,5/12/2022 8:28
9496612,5/12/2022 9:58
9497431,5/12/2022 10:30
9505340,5/12/2022 10:28
9506766,5/12/2022 9:32
9507115,5/12/2022 9:06
9508386,5/12/2022 10:06
9508837,5/12/2022 9:39
9509279,5/12/2022 11:24
9509695,5/12/2022 10:06
9511676,5/12/2022 10:03
9511777,5/12/2022 8:55
9512909,5/12/2022 8:09
9513636,5/12/2022 9:36
9516114,5/12/2022 10:13
9516608,5/12/2022 8:55
9516743,5/12/2022 8:19
9519968,5/12/2022 8:29
9521903,5/12/2022 8:02
9522082,5/12/2022 10:49
9530788,5/12/2022 9:02
9530877,5/12/2022 10:48
9531265,5/12/2022 9:00
9532861,5/12/2022 8:07
9532957,5/12/2022 10:59
9533648,5/12/2022 9:12
9533803,5/12/2022 10:05
9545281,5/12/2022 9:13
9545664,5/12/2022 9:37
9545766,5/12/2022 9:29
9546508,5/12/2022 9:14
9546633,5/12/2022 11:22
9550869,5/12/2022 10:37
9558353,5/12/2022 8:03
9562586,5/12/2022 9:50
9563458,5/12/2022 9:27
9563749,5/12/2022 8:13
9564093,5/12/2022 8:57
9568491,5/12/2022 9:23
9573675,5/12/2022 11:43
9574602,5/12/2022 11:26
9576550,5/12/2022 10:28
9577993,5/12/2022 11:37
9580021,5/12/2022 9:04
9580209,5/12/2022 11:48
9587410,5/12/2022 11:19
9591718,5/12/2022 10:09
9591787,5/12/2022 11:00
9595087,5/12/2022 10:56
9597415,5/12/2022 8:56
9597947,5/12/2022 10:40
9600159,5/12/2022 9:35
9604740,5/12/2022 10:00
9609152,5/12/2022 10:48
9611409,5/12/2022 11:38
9612147,5/12/2022 8:10
9615941,5/12/2022 10:43
9617068,5/12/2022 8:41
9618016,5/12/2022 10:01
9619737,5/12/2022 8:15
9628972,5/12/2022 9:44
9632775,5/12/2022 9:44
9634448,5/12/2022 9:03
9635943,5/12/2022 9:52
9636238,5/12/2022 8:00
9636248,5/12/2022 9:13
9636952,5/12/2022 11:10
9651755,5/12/2022 9:52
9652574,5/12/2022 8:01
9663221,5/12/2022 10:27
9664395,5/12/2022 10:20
9666446,5/12/2022 11:16
9675736,5/12/2022 9:48
9679300,5/12/2022 10:04
9679301,5/12/2022 9:32
9679741,5/12/2022 11:12
9685856,5/12/2022 10:05
9693230,5/12/2022 11:30
9693971,5/12/2022 9:19
9694921,5/12/2022 11:43
9695233,5/12/2022 9:26
9696286,5/12/2022 9:16
9696532,5/12/2022 10:17
9696912,5/12/2022 8:01
9696950,5/12/2022 9:26
9698202,5/12/2022 11:05
9699490,5/12/2022 9:10
9706229,5/12/2022 11:57
9710851,5/12/2022 11:13
9711153,5/12/2022 8:07
9712348,5/12/2022 11:15
9712716,5/12/2022 11:33
9714078,5/12/2022 10:39
9715029,5/12/2022 9:16
9716348,5/12/2022 11:42
9717757,5/12/2022 11:14
9727246,5/12/2022 11:38
9727857,5/12/2022 11:15
9732638,5/12/2022 9:00
9733835,5/12/2022 8:23
9733841,5/12/2022 9:05
9736801,5/12/2022 8:32
9736940,5/12/2022 8:15
9738522,5/12/2022 9:04
9739482,5/12/2022 9:52
9757138,5/12/2022 8:24
9768655,5/12/2022 10:56
9774404,5/12/2022 9:14
9781881,5/12/2022 11:52
9796540,5/12/2022 10:50
9797000,5/12/2022 10:12
9797545,5/12/2022 9:43
9812439,5/12/2022 9:28
9813231,5/12/2022 9:25
9813684,5/12/2022 11:52
9814376,5/12/2022 10:07
9820818,5/12/2022 9:10
9822759,5/12/2022 10:30
9822848,5/12/2022 10:17
9823290,5/12/2022 10:35
9835920,5/12/2022 9:24
9836113,5/12/2022 11:44
9843421,5/12/2022 10:10
9846066,5/12/2022 10:47
9849122,5/12/2022 8:26
9858690,5/12/2022 11:48
9863312,5/12/2022 8:42
9863457,5/12/2022 10:11
9863484,5/12/2022 10:34
9863565,5/12/2022 10:51
9865846,5/12/2022 9:09
9866461,5/12/2022 8:29
9866909,5/12/2022 10:08
9866984,5/12/2022 10:28
9868607,5/12/2022 9:03
9878971,5/12/2022 10:30
9880665,5/12/2022 8:54
9883943,5/12/2022 10:45
9885225,5/12/2022 11:18
9886971,5/12/2022 8:12
9887142,5/12/2022 10:55
9888395,5/12/2022 8:14
9900303,5/12/2022 9:31
9900319,5/12/2022 8:43
9901852,5/12/2022 11:22
9907337,5/12/2022 11:35
9908591,5/12/2022 9:31
9908825,5/12/2022 8:30
9909445,5/12/2022 8:03
9910025,5/12/2022 11:26
9910189,5/12/2022 9:54
9920856,5/12/2022 11:49
9921445,5/12/2022 8:06
9922140,5/12/2022 10:34
9922335,5/12/2022 8:52
9924107,5/12/2022 11:41
9925458,5/12/2022 8:21
9929059,5/12/2022 10:05
9938792,5/12/2022 10:03
9939025,5/12/2022 11:33
9939038,5/12/2022 10:10
9939359,5/12/2022 8:54
9939740,5/12/2022 10:30
9957555,5/12/2022 9:21
9961388,5/12/2022 11:44
9961538,5/12/2022 11:03
9970609,5/12/2022 10:30
9970805,5/12/2022 11:00
9974658,5/12/2022 11:54
9975073,5/12/2022 9:26
9976135,5/12/2022 9:04
9979329,5/12/2022 10:05
9994758,5/12/2022 10:22
9995551,5/12/2022 11:46
9999759,5/12/2022 11:09
9999955,5/12/2022 10:45
10000273,5/12/2022 9:52
10012724,5/12/2022 10:24
10015967,5/12/2022 10:56
10019082,5/12/2022 10:56
10020221,5/12/2022 9:50
10020782,5/12/2022 10:24
10022421,5/12/2022 8:27
10023353,5/12/2022 10:10
10026648,5/12/2022 11:03
10031055,5/12/2022 10:33
10035274,5/12/2022 11:44
10035644,5/12/2022 11:48
10036903,5/12/2022 11:25
10043487,5/12/2022 11:43
10060388,5/12/2022 9:43
10060674,5/12/2022 8:47
10068879,5/12/2022 10:37
10076279,5/12/2022 11:31
10077121,5/12/2022 11:24
10104370,5/12/2022 11:38
10106055,5/12/2022 8:49
10108451,5/12/2022 9:27
10118341,5/12/2022 11:03
10121329,5/12/2022 10:28
10122924,5/12/2022 8:33
10123910,5/12/2022 11:11
10124808,5/12/2022 10:02
10125020,5/12/2022 10:54
10126050,5/12/2022 9:51
10126199,5/12/2022 10:37
10132385,5/12/2022 8:06
10135378,5/12/2022 11:32
10135468,5/12/2022 9:35
10136155,5/12/2022 9:05
10139271,5/12/2022 11:32
10140582,5/12/2022 10:13
10141859,5/12/2022 11:39
10156116,5/12/2022 9:37
10157690,5/12/2022 9:20
10157880,5/12/2022 8:41
10170577,5/12/2022 10:33
10170744,5/12/2022 11:58
10183490,5/12/2022 10:01
10188794,5/12/2022 9:29
10191917,5/12/2022 8:43
10192213,5/12/2022 8:46
10204689,5/12/2022 8:29
10205366,5/12/2022 10:54
10208623,5/12/2022 9:35
10210625,5/12/2022 10:36
10210971,5/12/2022 9:02
10211609,5/12/2022 11:12
10211716,5/12/2022 8:59
10211928,5/12/2022 10:21
10229434,5/12/2022 10:20
10231701,5/12/2022 8:26
10234558,5/12/2022 9:34
10235014,5/12/2022 10:03
10235136,5/12/2022 9:35
10247453,5/12/2022 10:38
10248139,5/12/2022 9:37
10249527,5/12/2022 11:13
10250735,5/12/2022 10:08
10252110,5/12/2022 11:52
10262971,5/12/2022 10:29
10265391,5/12/2022 11:23
10267360,5/12/2022 10:43
10272763,5/12/2022 8:25
10273158,5/12/2022 9:50
10274175,5/12/2022 9:42
10279830,5/12/2022 8:39
10281965,5/12/2022 10:11
10292753,5/12/2022 10:59
10295151,5/12/2022 10:46
10299108,5/12/2022 9:06
10299195,5/12/2022 8:26
10309898,5/12/2022 11:50
10310373,5/12/2022 9:11
10318171,5/12/2022 8:20
10319529,5/12/2022 10:40
10331249,5/12/2022 9:14
10332096,5/12/2022 8:55
10334184,5/12/2022 10:36
10339144,5/12/2022 11:58
10339145,5/12/2022 11:50
10340165,5/12/2022 10:26
